item_url,item_type,institution,legis_period,period_bin,path,top_level_keys,stage_keys,fingerprint,example_paths
/gegenstand/XV/I/830,I,NR,XV,old,B_flat_stages,approvalstate|breadcrumbs|deleted|documents|doktyp|einlangen|gp_code|group|history_ind|inr|intranet|ityp|nr_gp_code|process|reference|sntype|stages|statementsstate|title|type|update|vhg_fertig|vhg_fertig_docs|zitation,date|priority|text,a867cda4cde3d4321f9f782cacd7b14b,"approvalstate, breadcrumbs, breadcrumbs[].title, breadcrumbs[].url, deleted, documents, documents[].documents, documents[].documents[].link"
/gegenstand/VII/I/305,I,NR,VII,old,A_phase_stages,approvalstate|breadcrumbs|deleted|documents|doktyp|einlangen|gp_code|group|history_ind|inr|intranet|ityp|nr_gp_code|phase|process|progress|sntype|statements|statementsstate|title|type|update|vhg_fertig|vhg_fertig_docs|zitation,date|priority|text,9105149e1127673dc5f29a5fd4aa4c3d,"approvalstate, breadcrumbs, breadcrumbs[].title, breadcrumbs[].url, deleted, documents, documents[].documents, documents[].documents[].link"
/gegenstand/XI/I/161,I,NR,XI,old,B_flat_stages,approvalstate|breadcrumbs|deleted|documents|doktyp|einlangen|gp_code|group|history_ind|inr|intranet|ityp|nr_gp_code|process|reference|sntype|stages|statementsstate|title|type|update|vhg_fertig|vhg_fertig_docs|zitation,date|priority|text,a867cda4cde3d4321f9f782cacd7b14b,"approvalstate, breadcrumbs, breadcrumbs[].title, breadcrumbs[].url, deleted, documents, documents[].documents, documents[].documents[].link"
/gegenstand/XI/A/108,A,NR,XI,old,A_phase_stages,approvalstate|breadcrumbs|deleted|documents|doktyp|einlangen|gp_code|group|history_ind|inr|intranet|ityp|nr_gp_code|phase|process|progress|sntype|statements|statementsstate|title|type|update|vhg_fertig|vhg_fertig_docs|zitation,date|priority|text,9105149e1127673dc5f29a5fd4aa4c3d,"approvalstate, breadcrumbs, breadcrumbs[].title, breadcrumbs[].url, deleted, documents, documents[].documents, documents[].documents[].link"
/gegenstand/XII/A/69,A,NR,XII,old,A_phase_stages,approvalstate|breadcrumbs|deleted|documents|doktyp|einlangen|gp_code|group|history_ind|inr|intranet|ityp|nr_gp_code|phase|process|progress|sntype|statements|statementsstate|title|type|update|vhg_fertig|vhg_fertig_docs|zitation,date|priority|text,9105149e1127673dc5f29a5fd4aa4c3d,"approvalstate, breadcrumbs, breadcrumbs[].title, breadcrumbs[].url, deleted, documents, documents[].documents, documents[].documents[].link"
/gegenstand/XII/A/72,A,NR,XII,old,A_phase_stages,approvalstate|breadcrumbs|deleted|documents|doktyp|einlangen|gp_code|group|history_ind|inr|intranet|ityp|nr_gp_code|phase|process|progress|sntype|statements|statementsstate|title|type|update|vhg_fertig|vhg_fertig_docs|zitation,date|priority|text,9105149e1127673dc5f29a5fd4aa4c3d,"approvalstate, breadcrumbs, breadcrumbs[].title, breadcrumbs[].url, deleted, documents, documents[].documents, documents[].documents[].link"
/gegenstand/XIV/AB/810,AB,NR,XIV,old,B_flat_stages,approvalstate|breadcrumbs|deleted|documents|doktyp|einlangen|gp_code|group|history_ind|inr|intranet|ityp|nr_gp_code|process|reference|sntype|stages|statementsstate|title|type|update|vhg_fertig|vhg_fertig_docs|zitation,date|priority|text,a867cda4cde3d4321f9f782cacd7b14b,"approvalstate, breadcrumbs, breadcrumbs[].title, breadcrumbs[].url, deleted, documents, documents[].documents, documents[].documents[].link"
/gegenstand/XV/AB/826,AB,NR,XV,old,B_flat_stages,approvalstate|breadcrumbs|deleted|documents|doktyp|einlangen|gp_code|group|history_ind|inr|intranet|ityp|nr_gp_code|process|reference|sntype|stages|statementsstate|title|type|update|vhg_fertig|vhg_fertig_docs|zitation,date|priority|text,a867cda4cde3d4321f9f782cacd7b14b,"approvalstate, breadcrumbs, breadcrumbs[].title, breadcrumbs[].url, deleted, documents, documents[].documents, documents[].documents[].link"
/gegenstand/VI/AB/131,AB,NR,VI,old,B_flat_stages,approvalstate|breadcrumbs|deleted|documents|doktyp|einlangen|gp_code|group|history_ind|inr|intranet|ityp|nr_gp_code|process|reference|sntype|stages|statementsstate|title|type|update|vhg_fertig|vhg_fertig_docs|zitation,date|priority|text,a867cda4cde3d4321f9f782cacd7b14b,"approvalstate, breadcrumbs, breadcrumbs[].title, breadcrumbs[].url, deleted, documents, documents[].documents, documents[].documents[].link"
/gegenstand/XIV/J/803,J,NR,XIV,old,B_flat_stages,approvalstate|breadcrumbs|deleted|documents|doktyp|einlangen|gp_code|group|history_ind|inr|intranet|ityp|nr_gp_code|process|reference|sntype|stages|statementsstate|title|type|update|vhg_fertig|vhg_fertig_docs|zitation,date|priority|text,a867cda4cde3d4321f9f782cacd7b14b,"approvalstate, breadcrumbs, breadcrumbs[].title, breadcrumbs[].url, deleted, documents, documents[].documents, documents[].documents[].link"
/gegenstand/XI/J/556,J,NR,XI,old,B_flat_stages,approvalstate|breadcrumbs|deleted|documents|doktyp|einlangen|gp_code|group|history_ind|inr|intranet|ityp|nr_gp_code|process|reference|sntype|stages|statementsstate|title|type|update|vhg_fertig|vhg_fertig_docs|zitation,date|priority|text,a867cda4cde3d4321f9f782cacd7b14b,"approvalstate, breadcrumbs, breadcrumbs[].title, breadcrumbs[].url, deleted, documents, documents[].documents, documents[].documents[].link"
/gegenstand/XV/J/1294,J,NR,XV,old,B_flat_stages,approvalstate|breadcrumbs|deleted|documents|doktyp|einlangen|gp_code|group|history_ind|inr|intranet|ityp|nr_gp_code|process|reference|sntype|stages|statementsstate|title|type|update|vhg_fertig|vhg_fertig_docs|zitation,date|priority|text,a867cda4cde3d4321f9f782cacd7b14b,"approvalstate, breadcrumbs, breadcrumbs[].title, breadcrumbs[].url, deleted, documents, documents[].documents, documents[].documents[].link"
/gegenstand/BR/A-BR/3,A-BR,BR,VI,old,A_phase_stages,approvalstate|breadcrumbs|deleted|description|documents|doktyp|einlangen|gp_code|group|history_ind|inr|intranet|ityp|nr_gp_code|phase|process|progress|sntype|statementsstate|title|type|update|vhg_fertig|vhg_fertig_docs|zitation,date|text,bdbba21b2a25cf109be64b41e7e604d8,"approvalstate, breadcrumbs, breadcrumbs[].title, breadcrumbs[].url, deleted, description, documents, documents[].documents"
/gegenstand/BR/A-BR/9,A-BR,BR,XI,old,A_phase_stages,approvalstate|breadcrumbs|deleted|description|documents|doktyp|einlangen|gp_code|group|history_ind|inr|intranet|ityp|nr_gp_code|phase|process|progress|sntype|statementsstate|title|type|update|vhg_fertig|vhg_fertig_docs|zitation,date|priority|text,6b85430f29b45a08baa97b0311632636,"approvalstate, breadcrumbs, breadcrumbs[].title, breadcrumbs[].url, deleted, description, documents, documents[].documents"
/gegenstand/BR/A-BR/26,A-BR,BR,XV,old,A_phase_stages,approvalstate|breadcrumbs|deleted|description|documents|doktyp|einlangen|gp_code|group|history_ind|inr|intranet|ityp|nr_gp_code|phase|process|progress|sntype|statementsstate|title|type|update|vhg_fertig|vhg_fertig_docs|zitation,date|text,bdbba21b2a25cf109be64b41e7e604d8,"approvalstate, breadcrumbs, breadcrumbs[].title, breadcrumbs[].url, deleted, description, documents, documents[].documents"
/gegenstand/VIII/VER/3,VER,NR,VIII,old,B_flat_stages,approvalstate|breadcrumbs|deleted|description|documents|doktyp|einlangen|eurovoc|gp_code|group|headwords|history_ind|inr|intranet|ityp|nr_gp_code|process|sntype|stages|statementsstate|stdocuments|title|topics|type|update|vhg_fertig|vhg_fertig_docs|zitation,date|priority|text,07a34baf8c166c9530e1c372ecb2049d,"approvalstate, breadcrumbs, breadcrumbs[].title, breadcrumbs[].url, deleted, description, documents, documents[].documents"
/gegenstand/X/VER/4,VER,NR,X,old,B_flat_stages,approvalstate|breadcrumbs|deleted|description|documents|doktyp|einlangen|eurovoc|gp_code|group|headwords|history_ind|inr|intranet|ityp|nr_gp_code|process|sntype|stages|statementsstate|stdocuments|title|topics|type|update|vhg_fertig|vhg_fertig_docs|zitation,date|priority|text,07a34baf8c166c9530e1c372ecb2049d,"approvalstate, breadcrumbs, breadcrumbs[].title, breadcrumbs[].url, deleted, description, documents, documents[].documents"
/gegenstand/VI/VER/4,VER,NR,VI,old,B_flat_stages,approvalstate|breadcrumbs|deleted|description|documents|doktyp|einlangen|eurovoc|gp_code|group|headwords|history_ind|inr|intranet|ityp|nr_gp_code|process|sntype|stages|statementsstate|stdocuments|title|topics|type|update|vhg_fertig|vhg_fertig_docs|zitation,date|priority|text,07a34baf8c166c9530e1c372ecb2049d,"approvalstate, breadcrumbs, breadcrumbs[].title, breadcrumbs[].url, deleted, description, documents, documents[].documents"
/gegenstand/XIII/III/83,III,NR,XIII,old,A_phase_stages,approvalstate|breadcrumbs|deleted|documents|doktyp|einlangen|gp_code|group|history_ind|inr|intranet|ityp|nr_gp_code|phase|process|progress|sntype|statementsstate|title|type|update|vhg_fertig|vhg_fertig_docs|zitation,date|priority|text,4fe8816d9b2a2c3b65f9257036398ed4,"approvalstate, breadcrumbs, breadcrumbs[].title, breadcrumbs[].url, deleted, documents, documents[].documents, documents[].documents[].link"
/gegenstand/XIII/III/148,III,NR,XIII,old,A_phase_stages,approvalstate|breadcrumbs|deleted|description|documents|doktyp|einlangen|gp_code|group|history_ind|inr|intranet|ityp|nr_gp_code|phase|process|progress|sntype|statementsstate|title|type|update|vhg_fertig|vhg_fertig_docs|zitation,date|priority|text,6b85430f29b45a08baa97b0311632636,"approvalstate, breadcrumbs, breadcrumbs[].title, breadcrumbs[].url, deleted, description, documents, documents[].documents"
/gegenstand/XI/III/67,III,NR,XI,old,A_phase_stages,approvalstate|breadcrumbs|deleted|documents|doktyp|einlangen|gp_code|group|history_ind|inr|intranet|ityp|nr_gp_code|phase|process|progress|sntype|statementsstate|title|type|update|vhg_fertig|vhg_fertig_docs|zitation,date|priority|text,4fe8816d9b2a2c3b65f9257036398ed4,"approvalstate, breadcrumbs, breadcrumbs[].title, breadcrumbs[].url, deleted, documents, documents[].documents, documents[].documents[].link"
/gegenstand/X/JPR/2,JPR,NR,X,old,B_flat_stages,approvalstate|breadcrumbs|deleted|documents|doktyp|einlangen|gp_code|group|history_ind|inr|intranet|ityp|names|nr_gp_code|process|reference|sntype|stages|statementsstate|title|type|update|vhg_fertig|vhg_fertig_docs|zitation,date|priority|text,19857feb116b7b2f877d9d6e7245f11e,"approvalstate, breadcrumbs, breadcrumbs[].title, breadcrumbs[].url, deleted, documents, documents[].documents, documents[].documents[].link"
/gegenstand/XI/JPR/4,JPR,NR,XI,old,B_flat_stages,approvalstate|breadcrumbs|deleted|documents|doktyp|einlangen|gp_code|group|history_ind|inr|intranet|ityp|names|nr_gp_code|process|reference|sntype|stages|statementsstate|title|type|update|vhg_fertig|vhg_fertig_docs|zitation,date|priority|text,19857feb116b7b2f877d9d6e7245f11e,"approvalstate, breadcrumbs, breadcrumbs[].title, breadcrumbs[].url, deleted, documents, documents[].documents, documents[].documents[].link"
/gegenstand/X/JPR/5,JPR,NR,X,old,B_flat_stages,approvalstate|breadcrumbs|deleted|documents|doktyp|einlangen|gp_code|group|history_ind|inr|intranet|ityp|names|nr_gp_code|process|reference|sntype|stages|statementsstate|title|type|update|vhg_fertig|vhg_fertig_docs|zitation,date|priority|text,19857feb116b7b2f877d9d6e7245f11e,"approvalstate, breadcrumbs, breadcrumbs[].title, breadcrumbs[].url, deleted, documents, documents[].documents, documents[].documents[].link"
/gegenstand/X/ABPR/3,ABPR,NR,X,old,B_flat_stages,approvalstate|breadcrumbs|deleted|documents|doktyp|einlangen|gp_code|group|history_ind|inr|intranet|ityp|names|nr_gp_code|process|reference|sntype|stages|statementsstate|title|type|update|vhg_fertig|vhg_fertig_docs|zitation,date|priority|text,19857feb116b7b2f877d9d6e7245f11e,"approvalstate, breadcrumbs, breadcrumbs[].title, breadcrumbs[].url, deleted, documents, documents[].documents, documents[].documents[].link"
/gegenstand/XI/ABPR/7,ABPR,NR,XI,old,B_flat_stages,approvalstate|breadcrumbs|deleted|documents|doktyp|einlangen|gp_code|group|history_ind|inr|intranet|ityp|names|nr_gp_code|process|reference|sntype|stages|statementsstate|title|type|update|vhg_fertig|vhg_fertig_docs|zitation,date|priority|text,19857feb116b7b2f877d9d6e7245f11e,"approvalstate, breadcrumbs, breadcrumbs[].title, breadcrumbs[].url, deleted, documents, documents[].documents, documents[].documents[].link"
/gegenstand/XI/ABPR/9,ABPR,NR,XI,old,B_flat_stages,approvalstate|breadcrumbs|deleted|documents|doktyp|einlangen|gp_code|group|history_ind|inr|intranet|ityp|names|nr_gp_code|process|reference|sntype|stages|statementsstate|title|type|update|vhg_fertig|vhg_fertig_docs|zitation,date|priority|text,19857feb116b7b2f877d9d6e7245f11e,"approvalstate, breadcrumbs, breadcrumbs[].title, breadcrumbs[].url, deleted, documents, documents[].documents, documents[].documents[].link"
/gegenstand/XV/E/75,E,NR,XV,old,B_flat_stages,approvalstate|breadcrumbs|deleted|documents|doktyp|einlangen|gp_code|group|history_ind|inr|intranet|ityp|nr_gp_code|process|sntype|stages|statementsstate|title|type|update|vhg_fertig|vhg_fertig_docs|zitation,date|priority|text,94e27fd17fb79de2ee2e7982e7e81c96,"approvalstate, breadcrumbs, breadcrumbs[].title, breadcrumbs[].url, deleted, documents, documents[].documents, documents[].documents[].link"
/gegenstand/XII/E/17,E,NR,XII,old,B_flat_stages,approvalstate|breadcrumbs|deleted|documents|doktyp|einlangen|gp_code|group|history_ind|inr|intranet|ityp|nr_gp_code|process|sntype|stages|statementsstate|title|type|update|vhg_fertig|vhg_fertig_docs|zitation,date|priority|text,94e27fd17fb79de2ee2e7982e7e81c96,"approvalstate, breadcrumbs, breadcrumbs[].title, breadcrumbs[].url, deleted, documents, documents[].documents, documents[].documents[].link"
/gegenstand/XV/E/52,E,NR,XV,old,B_flat_stages,approvalstate|breadcrumbs|deleted|documents|doktyp|einlangen|gp_code|group|history_ind|inr|intranet|ityp|nr_gp_code|process|sntype|stages|statementsstate|title|type|update|vhg_fertig|vhg_fertig_docs|zitation,date|priority|text,94e27fd17fb79de2ee2e7982e7e81c96,"approvalstate, breadcrumbs, breadcrumbs[].title, breadcrumbs[].url, deleted, documents, documents[].documents, documents[].documents[].link"
/gegenstand/BR/I-BR/1417,I-BR,BR,XIII,old,B_flat_stages,approvalstate|breadcrumbs|deleted|documents|doktyp|einlangen|gp_code|group|history_ind|inr|intranet|ityp|nr_gp_code|process|sntype|stages|statementsstate|title|type|update|vhg_fertig|vhg_fertig_docs|zitation,date|text,8527fa0c5f515614579ac9296ce5cfdb,"approvalstate, breadcrumbs, breadcrumbs[].title, breadcrumbs[].url, deleted, documents, documents[].documents, documents[].documents[].link"
/gegenstand/BR/I-BR/949,I-BR,BR,XIII,old,B_flat_stages,approvalstate|breadcrumbs|deleted|documents|doktyp|einlangen|gp_code|group|history_ind|inr|intranet|ityp|nr_gp_code|process|sntype|stages|statementsstate|title|type|update|vhg_fertig|vhg_fertig_docs|zitation,date|text,8527fa0c5f515614579ac9296ce5cfdb,"approvalstate, breadcrumbs, breadcrumbs[].title, breadcrumbs[].url, deleted, documents, documents[].documents, documents[].documents[].link"
/gegenstand/BR/I-BR/2658,I-BR,BR,XV,old,B_flat_stages,approvalstate|breadcrumbs|deleted|documents|doktyp|einlangen|gp_code|group|history_ind|inr|intranet|ityp|nr_gp_code|process|sntype|stages|statementsstate|title|type|update|vhg_fertig|vhg_fertig_docs|zitation,date|text,8527fa0c5f515614579ac9296ce5cfdb,"approvalstate, breadcrumbs, breadcrumbs[].title, breadcrumbs[].url, deleted, documents, documents[].documents, documents[].documents[].link"
/gegenstand/BR/E-BR/90,E-BR,BR,XV,old,B_flat_stages,approvalstate|breadcrumbs|deleted|documents|doktyp|einlangen|gp_code|group|history_ind|inr|intranet|ityp|nr_gp_code|process|sntype|stages|statementsstate|title|type|update|vhg_fertig|vhg_fertig_docs|zitation,date|priority|text,94e27fd17fb79de2ee2e7982e7e81c96,"approvalstate, breadcrumbs, breadcrumbs[].title, breadcrumbs[].url, deleted, documents, documents[].documents, documents[].documents[].link"
/gegenstand/BR/E-BR/77,E-BR,BR,XIV,old,B_flat_stages,approvalstate|breadcrumbs|deleted|documents|doktyp|einlangen|gp_code|group|history_ind|inr|intranet|ityp|nr_gp_code|process|sntype|stages|statementsstate|title|type|update|vhg_fertig|vhg_fertig_docs|zitation,date|priority|text,94e27fd17fb79de2ee2e7982e7e81c96,"approvalstate, breadcrumbs, breadcrumbs[].title, breadcrumbs[].url, deleted, documents, documents[].documents, documents[].documents[].link"
/gegenstand/BR/E-BR/26,E-BR,BR,XI,old,B_flat_stages,approvalstate|breadcrumbs|deleted|documents|doktyp|einlangen|gp_code|group|history_ind|inr|intranet|ityp|nr_gp_code|process|sntype|stages|statementsstate|title|type|update|vhg_fertig|vhg_fertig_docs|zitation,date|priority|text,94e27fd17fb79de2ee2e7982e7e81c96,"approvalstate, breadcrumbs, breadcrumbs[].title, breadcrumbs[].url, deleted, documents, documents[].documents, documents[].documents[].link"
/gegenstand/XVII/I/1097,I,NR,XVII,mid,A_phase_stages,approvalstate|breadcrumbs|deleted|documents|doktyp|einlangen|gp_code|group|history_ind|inr|intranet|ityp|nr_gp_code|phase|process|progress|sntype|statements|statementsstate|title|type|update|vhg_fertig|vhg_fertig_docs|zitation,date|priority|text,9105149e1127673dc5f29a5fd4aa4c3d,"approvalstate, breadcrumbs, breadcrumbs[].title, breadcrumbs[].url, deleted, documents, documents[].documents, documents[].documents[].link"
/gegenstand/XVII/I/324,I,NR,XVII,mid,A_phase_stages,approvalstate|breadcrumbs|deleted|documents|doktyp|einlangen|gp_code|group|history_ind|inr|intranet|ityp|nr_gp_code|phase|process|progress|sntype|statementsstate|title|type|update|vhg_fertig|vhg_fertig_docs|zitation,date|priority|text,4fe8816d9b2a2c3b65f9257036398ed4,"approvalstate, breadcrumbs, breadcrumbs[].title, breadcrumbs[].url, deleted, documents, documents[].documents, documents[].documents[].link"
/gegenstand/XXIV/I/1041,I,NR,XXIV,mid,B_flat_stages,approvalstate|breadcrumbs|deleted|description|documents|doktyp|einlangen|eurovoc|gp_code|group|headwords|history_ind|inr|intranet|ityp|names|nr_gp_code|process|reference|sntype|stages|statementsstate|title|topics|type|update|vhg_fertig|vhg_fertig_docs|zitation,date|priority|text,9ebc7ec56f8b923831fc29cbd5bfc2e5,"approvalstate, breadcrumbs, breadcrumbs[].title, breadcrumbs[].url, deleted, description, documents, documents[].documents"
/gegenstand/XXV/ME/92,ME,NR,XXV,mid,B_flat_stages,approvalstate|breadcrumbs|deleted|description|documents|doktyp|einlangen|gp_code|group|history_ind|inr|intranet|ityp|names|nr_gp_code|process|sntype|stages|statements|statementsstate|title|type|update|vhg_fertig|vhg_fertig_docs|zitation,date|priority|text,b7f419bda0bea2c2696c5d438e460455,"approvalstate, breadcrumbs, breadcrumbs[].title, breadcrumbs[].url, deleted, description, documents, documents[].documents"
/gegenstand/XVI/ME/240,ME,NR,XVI,mid,B_flat_stages,approvalstate|breadcrumbs|deleted|description|documents|doktyp|einlangen|gp_code|group|history_ind|inr|intranet|ityp|names|nr_gp_code|process|sntype|stages|statements|statementsstate|title|type|update|vhg_fertig|vhg_fertig_docs|zitation,date|priority|text,8201ff1901532d40c7139937bb7e7bc8,"approvalstate, breadcrumbs, breadcrumbs[].title, breadcrumbs[].url, deleted, description, documents, documents[].documents"
/gegenstand/XXIV/ME/293,ME,NR,XXIV,mid,B_flat_stages,approvalstate|breadcrumbs|deleted|description|documents|doktyp|einlangen|gp_code|group|history_ind|inr|intranet|ityp|names|nr_gp_code|process|sntype|stages|statements|statementsstate|title|type|update|vhg_fertig|vhg_fertig_docs|zitation,date|priority|text,b7f419bda0bea2c2696c5d438e460455,"approvalstate, breadcrumbs, breadcrumbs[].title, breadcrumbs[].url, deleted, description, documents, documents[].documents"
/gegenstand/XXV/JPR/12,JPR,NR,XXV,mid,B_flat_stages,approvalstate|breadcrumbs|deleted|description|documents|doktyp|einlangen|eurovoc|gp_code|group|headwords|history_ind|inr|intranet|ityp|names|nr_gp_code|process|reference|sntype|stages|statementsstate|title|topics|type|update|vhg_fertig|vhg_fertig_docs|zitation,date|fsth|priority|text,b006733e83bd5f94991be1193ce8870c,"approvalstate, breadcrumbs, breadcrumbs[].title, breadcrumbs[].url, deleted, description, documents, documents[].documents"
/gegenstand/XX/JPR/50,JPR,NR,XX,mid,B_flat_stages,approvalstate|breadcrumbs|deleted|description|documents|doktyp|einlangen|eurovoc|gp_code|group|headwords|history_ind|inr|intranet|ityp|names|nr_gp_code|process|reference|sntype|stages|statementsstate|title|topics|type|update|vhg_fertig|vhg_fertig_docs|zitation,date|priority|text,b006733e83bd5f94991be1193ce8870c,"approvalstate, breadcrumbs, breadcrumbs[].title, breadcrumbs[].url, deleted, description, documents, documents[].documents"
/gegenstand/XXIII/JPR/33,JPR,NR,XXIII,mid,B_flat_stages,approvalstate|breadcrumbs|deleted|description|documents|doktyp|einlangen|eurovoc|gp_code|group|headwords|history_ind|inr|intranet|ityp|names|nr_gp_code|process|reference|sntype|stages|statementsstate|title|topics|type|update|vhg_fertig|vhg_fertig_docs|zitation,date|fsth|priority|text,b006733e83bd5f94991be1193ce8870c,"approvalstate, breadcrumbs, breadcrumbs[].title, breadcrumbs[].url, deleted, description, documents, documents[].documents"
/gegenstand/XVI/III/33,III,NR,XVI,mid,A_phase_stages,approvalstate|breadcrumbs|deleted|description|documents|doktyp|einlangen|gp_code|group|history_ind|inr|intranet|ityp|nr_gp_code|phase|process|progress|sntype|statementsstate|title|type|update|vhg_fertig|vhg_fertig_docs|zitation,date|priority|text,6b85430f29b45a08baa97b0311632636,"approvalstate, breadcrumbs, breadcrumbs[].title, breadcrumbs[].url, deleted, description, documents, documents[].documents"
/gegenstand/XXIII/III/127,III,NR,XXIII,mid,A_phase_stages,approvalstate|breadcrumbs|correspondence|deleted|description|documents|doktyp|einlangen|eurovoc|gp_code|group|headwords|history_ind|inr|intranet|ityp|names|nr_gp_code|phase|process|progress|sntype|statementsstate|status|title|topics|type|update|vhg_fertig|vhg_fertig_docs|zitation,date|fsth|priority|text,1315daaee06634ff8018065c9a2c9c2e,"approvalstate, breadcrumbs, breadcrumbs[].title, breadcrumbs[].url, correspondence, correspondence[].additional, correspondence[].date, correspondence[].title"
/gegenstand/XXII/III/175,III,NR,XXII,mid,A_phase_stages,approvalstate|breadcrumbs|deleted|description|documents|doktyp|einlangen|eurovoc|gp_code|group|headwords|history_ind|inr|intranet|ityp|names|nr_gp_code|phase|process|progress|sntype|statementsstate|status|title|topics|type|update|vhg_fertig|vhg_fertig_docs|zitation,date|fsth|priority|text,9ed1af376228aa47b789623b671e406e,"approvalstate, breadcrumbs, breadcrumbs[].title, breadcrumbs[].url, deleted, description, documents, documents[].documents"
/gegenstand/XXIV/ABPR/99,ABPR,NR,XXIV,mid,B_flat_stages,approvalstate|breadcrumbs|deleted|description|documents|doktyp|einlangen|eurovoc|gp_code|group|headwords|history_ind|inr|intranet|ityp|names|nr_gp_code|process|reference|sntype|stages|statementsstate|title|topics|type|update|vhg_fertig|vhg_fertig_docs|zitation,date|priority|text,ce96c54823282b274bf9095f5f468fab,"approvalstate, breadcrumbs, breadcrumbs[].title, breadcrumbs[].url, deleted, description, documents, documents[].documents"
/gegenstand/XXV/ABPR/23,ABPR,NR,XXV,mid,B_flat_stages,approvalstate|breadcrumbs|deleted|description|documents|doktyp|einlangen|eurovoc|gp_code|group|headwords|history_ind|inr|intranet|ityp|names|nr_gp_code|process|reference|sntype|stages|statementsstate|title|topics|type|update|vhg_fertig|vhg_fertig_docs|zitation,date|priority|text,153d8aaa60a4cbfc5036f0476d696396,"approvalstate, breadcrumbs, breadcrumbs[].title, breadcrumbs[].url, deleted, description, documents, documents[].documents"
/gegenstand/XXIV/ABPR/19,ABPR,NR,XXIV,mid,B_flat_stages,approvalstate|breadcrumbs|deleted|description|documents|doktyp|einlangen|eurovoc|gp_code|group|headwords|history_ind|inr|intranet|ityp|names|nr_gp_code|process|reference|sntype|stages|statementsstate|title|topics|type|update|vhg_fertig|vhg_fertig_docs|zitation,date|fsth|priority|text,ce96c54823282b274bf9095f5f468fab,"approvalstate, breadcrumbs, breadcrumbs[].title, breadcrumbs[].url, deleted, description, documents, documents[].documents"
/gegenstand/XXII/E/82,E,NR,XXII,mid,B_flat_stages,approvalstate|breadcrumbs|deleted|description|documents|doktyp|einlangen|eurovoc|gp_code|group|headwords|history_ind|inr|intranet|ityp|nr_gp_code|process|reference|sntype|stages|statementsstate|title|topics|type|update|vhg_fertig|vhg_fertig_docs|zitation,date|fsth|priority|text,b3e293bdd9ddeef750913a9c64f5c6da,"approvalstate, breadcrumbs, breadcrumbs[].title, breadcrumbs[].url, deleted, description, documents, documents[].documents"
/gegenstand/XXI/E/23,E,NR,XXI,mid,B_flat_stages,approvalstate|breadcrumbs|deleted|description|documents|doktyp|einlangen|eurovoc|gp_code|group|headwords|history_ind|inr|intranet|ityp|nr_gp_code|process|reference|sntype|stages|statementsstate|title|topics|type|update|vhg_fertig|vhg_fertig_docs|zitation,date|fsth|priority|reden|text,b3e293bdd9ddeef750913a9c64f5c6da,"approvalstate, breadcrumbs, breadcrumbs[].title, breadcrumbs[].url, deleted, description, documents, documents[].documents"
/gegenstand/XX/E/45,E,NR,XX,mid,B_flat_stages,approvalstate|breadcrumbs|deleted|description|documents|doktyp|einlangen|eurovoc|gp_code|group|headwords|history_ind|inr|intranet|ityp|nr_gp_code|process|reference|sntype|stages|statementsstate|title|topics|type|update|vhg_fertig|vhg_fertig_docs|zitation,date|fsth|priority|text,b3e293bdd9ddeef750913a9c64f5c6da,"approvalstate, breadcrumbs, breadcrumbs[].title, breadcrumbs[].url, deleted, description, documents, documents[].documents"
/gegenstand/XVII/A/232,A,NR,XVII,mid,A_phase_stages,approvalstate|breadcrumbs|deleted|documents|doktyp|einlangen|gp_code|group|history_ind|inr|intranet|ityp|nr_gp_code|phase|process|progress|sntype|statements|statementsstate|title|type|update|vhg_fertig|vhg_fertig_docs|zitation,date|priority|text,9105149e1127673dc5f29a5fd4aa4c3d,"approvalstate, breadcrumbs, breadcrumbs[].title, breadcrumbs[].url, deleted, documents, documents[].documents, documents[].documents[].link"
/gegenstand/XXV/A/559,A,NR,XXV,mid,A_phase_stages,approvalstate|breadcrumbs|correspondence|deleted|description|documents|doktyp|einlangen|eurovoc|gp_code|group|headwords|history_ind|inr|intranet|ityp|names|nr_gp_code|phase|process|progress|sntype|statementsstate|status|title|topics|type|update|vhg_fertig|vhg_fertig_docs|zitation,date|priority|text,c211e3d557495b892d266af0f1d1188c,"approvalstate, breadcrumbs, breadcrumbs[].title, breadcrumbs[].url, correspondence, correspondence[].additional, correspondence[].date, correspondence[].title"
/gegenstand/XVIII/A/338,A,NR,XVIII,mid,C_no_stages,approvalstate|breadcrumbs|deleted|documents|doktyp|einlangen|gp_code|group|history_ind|inr|intranet|ityp|nr_gp_code|process|progress|sntype|statementsstate|title|type|update|vhg_fertig|vhg_fertig_docs|zitation,NA,d53816f8bbb537ddcbf29421266e7f7a,"approvalstate, breadcrumbs, breadcrumbs[].title, breadcrumbs[].url, deleted, documents, documents[].documents, documents[].documents[].link"
/gegenstand/XXIV/AB/2935,AB,NR,XXIV,mid,B_flat_stages,approvalstate|breadcrumbs|deleted|description|documents|doktyp|einlangen|eurovoc|gp_code|group|headwords|history_ind|inr|intranet|ityp|names|nr_gp_code|process|reference|sntype|stages|statementsstate|title|topics|type|update|vhg_fertig|vhg_fertig_docs|zitation,date|fsth|priority|text,153d8aaa60a4cbfc5036f0476d696396,"approvalstate, breadcrumbs, breadcrumbs[].title, breadcrumbs[].url, deleted, description, documents, documents[].documents"
/gegenstand/XX/AB/6228,AB,NR,XX,mid,B_flat_stages,approvalstate|breadcrumbs|deleted|description|documents|doktyp|einlangen|eurovoc|gp_code|group|headwords|history_ind|inr|intranet|ityp|names|nr_gp_code|process|reference|sntype|stages|statementsstate|title|topics|type|update|vhg_fertig|vhg_fertig_docs|zitation,date|fsth|priority|text,ce96c54823282b274bf9095f5f468fab,"approvalstate, breadcrumbs, breadcrumbs[].title, breadcrumbs[].url, deleted, description, documents, documents[].documents"
/gegenstand/XXIV/AB/9337,AB,NR,XXIV,mid,B_flat_stages,approvalstate|breadcrumbs|deleted|description|documents|doktyp|einlangen|eurovoc|gp_code|group|headwords|history_ind|inr|intranet|ityp|names|nr_gp_code|process|reference|sntype|stages|statementsstate|title|topics|type|update|vhg_fertig|vhg_fertig_docs|zitation,date|priority|text,ce96c54823282b274bf9095f5f468fab,"approvalstate, breadcrumbs, breadcrumbs[].title, breadcrumbs[].url, deleted, description, documents, documents[].documents"
/gegenstand/XVII/J/1433,J,NR,XVII,mid,B_flat_stages,approvalstate|breadcrumbs|deleted|documents|doktyp|einlangen|gp_code|group|history_ind|inr|intranet|ityp|nr_gp_code|process|reference|sntype|stages|statementsstate|title|type|update|vhg_fertig|vhg_fertig_docs|zitation,date|priority|text,a867cda4cde3d4321f9f782cacd7b14b,"approvalstate, breadcrumbs, breadcrumbs[].title, breadcrumbs[].url, deleted, documents, documents[].documents, documents[].documents[].link"
/gegenstand/XXIV/J/10002,J,NR,XXIV,mid,B_flat_stages,approvalstate|breadcrumbs|deleted|description|documents|doktyp|einlangen|eurovoc|gp_code|group|headwords|history_ind|inr|intranet|ityp|names|nr_gp_code|process|reference|sntype|stages|statementsstate|title|topics|type|update|vhg_fertig|vhg_fertig_docs|zitation,date|fsth|priority|text,b006733e83bd5f94991be1193ce8870c,"approvalstate, breadcrumbs, breadcrumbs[].title, breadcrumbs[].url, deleted, description, documents, documents[].documents"
/gegenstand/XXIII/J/381,J,NR,XXIII,mid,B_flat_stages,approvalstate|breadcrumbs|deleted|description|documents|doktyp|einlangen|eurovoc|gp_code|group|headwords|history_ind|inr|intranet|ityp|names|nr_gp_code|process|reference|sntype|stages|statementsstate|title|topics|type|update|vhg_fertig|vhg_fertig_docs|zitation,date|fsth|priority|text,b006733e83bd5f94991be1193ce8870c,"approvalstate, breadcrumbs, breadcrumbs[].title, breadcrumbs[].url, deleted, description, documents, documents[].documents"
/gegenstand/BR/A-BR/182,A-BR,BR,XXIV,mid,A_phase_stages,approvalstate|breadcrumbs|correspondence|deleted|description|documents|doktyp|einlangen|eurovoc|gp_code|group|headwords|history_ind|inr|intranet|ityp|names|nr_gp_code|phase|process|progress|sntype|statementsstate|status|title|topics|type|update|vhg_fertig|vhg_fertig_docs|zitation,date|fsth|priority|text,5bfcac425bc0e8c8f64aa226749934b9,"approvalstate, breadcrumbs, breadcrumbs[].title, breadcrumbs[].url, correspondence, correspondence[].additional, correspondence[].date, correspondence[].title"
/gegenstand/BR/A-BR/89,A-BR,BR,XIX,mid,A_phase_stages,approvalstate|breadcrumbs|deleted|description|documents|doktyp|einlangen|eurovoc|gp_code|group|headwords|history_ind|inr|intranet|ityp|names|nr_gp_code|phase|process|progress|sntype|statementsstate|status|title|topics|type|update|vhg_fertig|vhg_fertig_docs|zitation,date|priority|text,9e6bbc6f3357820895ef3ea1383bf2dd,"approvalstate, breadcrumbs, breadcrumbs[].title, breadcrumbs[].url, deleted, description, documents, documents[].documents"
/gegenstand/BR/A-BR/126,A-BR,BR,XXI,mid,A_phase_stages,approvalstate|breadcrumbs|deleted|description|documents|doktyp|einlangen|eurovoc|gp_code|group|headwords|history_ind|inr|intranet|ityp|names|nr_gp_code|phase|process|progress|sntype|statementsstate|status|title|topics|type|update|vhg_fertig|vhg_fertig_docs|zitation,date|priority|text,9e6bbc6f3357820895ef3ea1383bf2dd,"approvalstate, breadcrumbs, breadcrumbs[].title, breadcrumbs[].url, deleted, description, documents, documents[].documents"
/gegenstand/BR/I-BR/7731,I-BR,BR,XXIII,mid,B_flat_stages,approvalstate|breadcrumbs|deleted|description|documents|doktyp|einlangen|eurovoc|gp_code|group|headwords|history_ind|inr|intranet|ityp|names|nr_gp_code|process|reference|sntype|stages|statementsstate|title|topics|type|update|vhg_fertig|vhg_fertig_docs|zitation,date|priority|text,9ebc7ec56f8b923831fc29cbd5bfc2e5,"approvalstate, breadcrumbs, breadcrumbs[].title, breadcrumbs[].url, deleted, description, documents, documents[].documents"
/gegenstand/BR/I-BR/5011,I-BR,BR,XIX,mid,B_flat_stages,approvalstate|breadcrumbs|deleted|description|documents|doktyp|einlangen|gp_code|group|history_ind|inr|intranet|ityp|names|nr_gp_code|process|reference|sntype|stages|statementsstate|title|type|update|vhg_fertig|vhg_fertig_docs|zitation,date|priority|text,f5c02ee6ec15505f4a96ccef56969928,"approvalstate, breadcrumbs, breadcrumbs[].title, breadcrumbs[].url, deleted, description, documents, documents[].documents"
/gegenstand/BR/I-BR/5853,I-BR,BR,XX,mid,B_flat_stages,approvalstate|breadcrumbs|deleted|description|documents|doktyp|einlangen|eurovoc|gp_code|group|headwords|history_ind|inr|intranet|ityp|nr_gp_code|process|reference|sntype|stages|statementsstate|title|topics|type|update|vhg_fertig|vhg_fertig_docs|zitation,date|priority|text,aaf693cb4175786168ef329d0124e3b1,"approvalstate, breadcrumbs, breadcrumbs[].title, breadcrumbs[].url, deleted, description, documents, documents[].documents"
/gegenstand/BR/E-BR/207,E-BR,BR,XXII,mid,B_flat_stages,approvalstate|breadcrumbs|deleted|description|documents|doktyp|einlangen|eurovoc|gp_code|group|headwords|history_ind|inr|intranet|ityp|nr_gp_code|process|reference|sntype|stages|statementsstate|title|topics|type|update|vhg_fertig|vhg_fertig_docs|zitation,date|fsth|priority|text,b3e293bdd9ddeef750913a9c64f5c6da,"approvalstate, breadcrumbs, breadcrumbs[].title, breadcrumbs[].url, deleted, description, documents, documents[].documents"
/gegenstand/BR/E-BR/114,E-BR,BR,XVI,mid,B_flat_stages,approvalstate|breadcrumbs|deleted|documents|doktyp|einlangen|gp_code|group|history_ind|inr|intranet|ityp|nr_gp_code|process|sntype|stages|statementsstate|title|type|update|vhg_fertig|vhg_fertig_docs|zitation,date|priority|text,94e27fd17fb79de2ee2e7982e7e81c96,"approvalstate, breadcrumbs, breadcrumbs[].title, breadcrumbs[].url, deleted, documents, documents[].documents, documents[].documents[].link"
/gegenstand/BR/E-BR/160,E-BR,BR,XX,mid,B_flat_stages,approvalstate|breadcrumbs|deleted|description|documents|doktyp|einlangen|eurovoc|gp_code|group|headwords|history_ind|inr|intranet|ityp|nr_gp_code|process|reference|sntype|stages|statementsstate|title|topics|type|update|vhg_fertig|vhg_fertig_docs|zitation,date|fsth|priority|text,b3e293bdd9ddeef750913a9c64f5c6da,"approvalstate, breadcrumbs, breadcrumbs[].title, breadcrumbs[].url, deleted, description, documents, documents[].documents"
/gegenstand/XXII/VER/9,VER,NR,XXII,mid,B_flat_stages,approvalstate|breadcrumbs|deleted|description|doktyp|einlangen|eurovoc|gp_code|group|headwords|history_ind|inr|intranet|ityp|names|nr_gp_code|process|reference|sntype|stages|statementsstate|title|topics|type|update|vhg_fertig|vhg_fertig_docs|zitation,date|fsth|priority|text,8615daa86f38bf4384cfcd95a824035d,"approvalstate, breadcrumbs, breadcrumbs[].title, breadcrumbs[].url, deleted, description, doktyp, einlangen"
/gegenstand/XXV/VER/4,VER,NR,XXV,mid,B_flat_stages,agenda|approvalstate|breadcrumbs|deleted|description|documents|doktyp|einlangen|eurovoc|gp_code|group|headwords|history_ind|inr|intranet|ityp|nr_gp_code|process|reference|sntype|stages|statementsstate|stdocuments|title|topics|type|update|vhg_fertig|vhg_fertig_docs|zitation,date|priority|text,6efb09aaf2ce01741cca014f017778b3,"agenda, agenda[].documents, agenda[].documents[].link, agenda[].documents[].type, agenda[].title, approvalstate, breadcrumbs, breadcrumbs[].title"
/gegenstand/XXII/VER/6,VER,NR,XXII,mid,B_flat_stages,approvalstate|breadcrumbs|deleted|description|doktyp|einlangen|eurovoc|gp_code|group|headwords|history_ind|inr|intranet|ityp|names|nr_gp_code|process|reference|sntype|stages|statementsstate|title|topics|type|update|vhg_fertig|vhg_fertig_docs|zitation,date|fsth|priority|text,8615daa86f38bf4384cfcd95a824035d,"approvalstate, breadcrumbs, breadcrumbs[].title, breadcrumbs[].url, deleted, description, doktyp, einlangen"
/gegenstand/BR/III-BR/460,III-BR,BR,XXIV,mid,A_phase_stages,approvalstate|breadcrumbs|deleted|description|documents|doktyp|einlangen|eurovoc|gp_code|group|headwords|history_ind|inr|intranet|ityp|names|nr_gp_code|phase|process|progress|sntype|statementsstate|status|title|topics|type|update|vhg_fertig|vhg_fertig_docs|zitation,date|priority|text,b37cbd66437f92b50175cac1f219b665,"approvalstate, breadcrumbs, breadcrumbs[].title, breadcrumbs[].url, deleted, description, documents, documents[].documents"
/gegenstand/BR/III-BR/244,III-BR,BR,XXII,mid,A_phase_stages,approvalstate|breadcrumbs|deleted|description|documents|doktyp|einlangen|eurovoc|gp_code|group|headwords|history_ind|inr|intranet|ityp|nr_gp_code|phase|process|progress|sntype|statementsstate|status|title|topics|type|update|vhg_fertig|vhg_fertig_docs|zitation,date|fsth|priority|text,35f24c92a7b13451d08e4b8b3a186a31,"approvalstate, breadcrumbs, breadcrumbs[].title, breadcrumbs[].url, deleted, description, documents, documents[].documents"
/gegenstand/BR/III-BR/583,III-BR,BR,XXV,mid,A_phase_stages,approvalstate|breadcrumbs|correspondence|deleted|description|documents|doktyp|einlangen|eurovoc|gp_code|group|headwords|history_ind|inr|intranet|ityp|names|nr_gp_code|phase|process|progress|sntype|statementsstate|status|title|topics|type|update|vhg_fertig|vhg_fertig_docs|zitation,date|priority|text,6833491c4f9163f30acf1331c7940239,"approvalstate, breadcrumbs, breadcrumbs[].title, breadcrumbs[].url, correspondence, correspondence[].additional, correspondence[].date, correspondence[].title"
/gegenstand/XXV/AEA/50,AEA,NR,XXV,mid,B_flat_stages,approvalstate|breadcrumbs|deleted|description|doktyp|einlangen|eurovoc|gp_code|group|headwords|history_ind|inr|intranet|ityp|names|nr_gp_code|process|reference|sntype|stages|statementsstate|title|topics|type|update|vhg_fertig|vhg_fertig_docs|zitation,date|fsth|priority|reden|text,e9e15a738443c7171f010aa1b9919ca2,"approvalstate, breadcrumbs, breadcrumbs[].title, breadcrumbs[].url, deleted, description, doktyp, einlangen"
/gegenstand/XXIV/AEA/93,AEA,NR,XXIV,mid,B_flat_stages,approvalstate|breadcrumbs|deleted|description|doktyp|einlangen|eurovoc|gp_code|group|headwords|history_ind|inr|intranet|ityp|names|nr_gp_code|process|reference|sntype|stages|statementsstate|title|topics|type|update|vhg_fertig|vhg_fertig_docs|zitation,date|fsth|priority|reden|text,42e07a2fd5b9da4b200099c8d6b54608,"approvalstate, breadcrumbs, breadcrumbs[].title, breadcrumbs[].url, deleted, description, doktyp, einlangen"
/gegenstand/XX/AEA/99,AEA,NR,XX,mid,B_flat_stages,approvalstate|breadcrumbs|deleted|description|doktyp|einlangen|eurovoc|gp_code|group|headwords|history_ind|inr|intranet|ityp|names|nr_gp_code|process|reference|sntype|stages|statementsstate|title|topics|type|update|vhg_fertig|vhg_fertig_docs|zitation,date|fsth|priority|reden|text,e9e15a738443c7171f010aa1b9919ca2,"approvalstate, breadcrumbs, breadcrumbs[].title, breadcrumbs[].url, deleted, description, doktyp, einlangen"
/gegenstand/XX/UEA/402,UEA,NR,XX,mid,B_flat_stages,approvalstate|breadcrumbs|deleted|description|doktyp|einlangen|eurovoc|gp_code|group|headwords|history_ind|inr|intranet|ityp|names|nr_gp_code|process|reference|sntype|stages|statementsstate|title|topics|type|update|vhg_fertig|vhg_fertig_docs|zitation,date|fsth|priority|text,8615daa86f38bf4384cfcd95a824035d,"approvalstate, breadcrumbs, breadcrumbs[].title, breadcrumbs[].url, deleted, description, doktyp, einlangen"
/gegenstand/XXV/UEA/221,UEA,NR,XXV,mid,B_flat_stages,approvalstate|breadcrumbs|deleted|description|documents|doktyp|einlangen|eurovoc|gp_code|group|headwords|history_ind|inr|intranet|ityp|names|nr_gp_code|process|reference|sntype|stages|statementsstate|title|topics|type|update|vhg_fertig|vhg_fertig_docs|zitation,date|fsth|priority|text,14897dca9351302e7d33d93696ce7c57,"approvalstate, breadcrumbs, breadcrumbs[].title, breadcrumbs[].url, deleted, description, documents, documents[].documents"
/gegenstand/XXI/UEA/404,UEA,NR,XXI,mid,B_flat_stages,approvalstate|breadcrumbs|deleted|description|doktyp|einlangen|eurovoc|gp_code|group|headwords|history_ind|inr|intranet|ityp|names|nr_gp_code|process|reference|sntype|stages|statementsstate|title|topics|type|update|vhg_fertig|vhg_fertig_docs|zitation,date|fsth|priority|text,8615daa86f38bf4384cfcd95a824035d,"approvalstate, breadcrumbs, breadcrumbs[].title, breadcrumbs[].url, deleted, description, doktyp, einlangen"
/gegenstand/XIX/RGER/11,RGER,NR,XIX,mid,C_no_stages,approvalstate|breadcrumbs|deleted|doktyp|einlangen|gp_code|group|history_ind|inr|intranet|ityp|names|nr_gp_code|process|sntype|statementsstate|title|type|update|vhg_fertig|vhg_fertig_docs|zitation,NA,ca9d3077c1f2908115ee3a273f0b49b9,"approvalstate, breadcrumbs, breadcrumbs[].title, breadcrumbs[].url, deleted, doktyp, einlangen, gp_code"
/gegenstand/XXV/RGER/27,RGER,NR,XXV,mid,B_flat_stages,approvalstate|breadcrumbs|deleted|description|doktyp|einlangen|eurovoc|gp_code|group|headwords|history_ind|inr|intranet|ityp|names|nr_gp_code|process|sntype|stages|statementsstate|title|topics|type|update|vhg_fertig|vhg_fertig_docs|zitation,date|fsth|priority|text,5c85b0322bbbd8de1e8aec5e402d4f36,"approvalstate, breadcrumbs, breadcrumbs[].title, breadcrumbs[].url, deleted, description, doktyp, einlangen"
/gegenstand/XXV/RGER/25,RGER,NR,XXV,mid,B_flat_stages,approvalstate|breadcrumbs|deleted|description|doktyp|einlangen|eurovoc|gp_code|group|headwords|history_ind|inr|intranet|ityp|names|nr_gp_code|process|sntype|stages|statementsstate|title|topics|type|update|vhg_fertig|vhg_fertig_docs|zitation,date|fsth|priority|text,5c85b0322bbbd8de1e8aec5e402d4f36,"approvalstate, breadcrumbs, breadcrumbs[].title, breadcrumbs[].url, deleted, description, doktyp, einlangen"
/gegenstand/XIX/S/12,S,NR,XIX,mid,B_flat_stages,approvalstate|breadcrumbs|deleted|documents|doktyp|einlangen|gp_code|group|history_ind|inr|intranet|ityp|names|nr_gp_code|process|reference|sntype|stages|statementsstate|title|type|update|vhg_fertig|vhg_fertig_docs|zitation,date|text,471a9be67c7b675b5513f1c6c26c6951,"approvalstate, breadcrumbs, breadcrumbs[].title, breadcrumbs[].url, deleted, documents, documents[].documents, documents[].documents[].link"
/gegenstand/XIX/S/4,S,NR,XIX,mid,B_flat_stages,approvalstate|breadcrumbs|deleted|documents|doktyp|einlangen|gp_code|group|history_ind|inr|intranet|ityp|names|nr_gp_code|process|reference|sntype|stages|statementsstate|title|type|update|vhg_fertig|vhg_fertig_docs|zitation,date|text,471a9be67c7b675b5513f1c6c26c6951,"approvalstate, breadcrumbs, breadcrumbs[].title, breadcrumbs[].url, deleted, documents, documents[].documents, documents[].documents[].link"
/gegenstand/XX/S/4,S,NR,XX,mid,B_flat_stages,approvalstate|breadcrumbs|deleted|documents|doktyp|einlangen|gp_code|group|history_ind|inr|intranet|ityp|nr_gp_code|process|sntype|stages|statementsstate|title|type|update|vhg_fertig|vhg_fertig_docs|zitation,date|text,8527fa0c5f515614579ac9296ce5cfdb,"approvalstate, breadcrumbs, breadcrumbs[].title, breadcrumbs[].url, deleted, documents, documents[].documents, documents[].documents[].link"
/gegenstand/XXIII/W/4,W,NR,XXIII,mid,B_flat_stages,approvalstate|breadcrumbs|deleted|description|doktyp|einlangen|eurovoc|gp_code|group|headwords|history_ind|inr|intranet|ityp|nr_gp_code|process|sntype|stages|statementsstate|title|topics|type|update|vhg_fertig|vhg_fertig_docs|zitation,date|fsth|priority|text,ddaed47d57007b93cb1abd4f507821df,"approvalstate, breadcrumbs, breadcrumbs[].title, breadcrumbs[].url, deleted, description, doktyp, einlangen"
/gegenstand/XXIII/W/6,W,NR,XXIII,mid,B_flat_stages,approvalstate|breadcrumbs|deleted|description|doktyp|einlangen|eurovoc|gp_code|group|headwords|history_ind|inr|intranet|ityp|nr_gp_code|process|sntype|stages|statementsstate|title|topics|type|update|vhg_fertig|vhg_fertig_docs|zitation,date|fsth|names|priority|text,ddaed47d57007b93cb1abd4f507821df,"approvalstate, breadcrumbs, breadcrumbs[].title, breadcrumbs[].url, deleted, description, doktyp, einlangen"
/gegenstand/XXV/W/15,W,NR,XXV,mid,B_flat_stages,approvalstate|breadcrumbs|deleted|description|doktyp|einlangen|eurovoc|gp_code|group|headwords|history_ind|inr|intranet|ityp|nr_gp_code|process|sntype|stages|statementsstate|title|topics|type|update|vhg_fertig|vhg_fertig_docs|zitation,date|fsth|priority|text,ddaed47d57007b93cb1abd4f507821df,"approvalstate, breadcrumbs, breadcrumbs[].title, breadcrumbs[].url, deleted, description, doktyp, einlangen"
/gegenstand/XXIII/FS/10,FS,NR,XXIII,mid,B_flat_stages,agenda|approvalstate|breadcrumbs|deleted|description|doktyp|einlangen|eurovoc|gp_code|group|headwords|history_ind|inr|intranet|ityp|names|nr_gp_code|process|sntype|stages|statementsstate|title|topics|type|update|vhg_fertig|vhg_fertig_docs|zitation,date|priority|text,37c0a7aa281d8eda819e0b59d5ceee20,"agenda, agenda[].documents, agenda[].documents[].link, agenda[].documents[].type, agenda[].title, approvalstate, breadcrumbs, breadcrumbs[].title"
/gegenstand/XXV/FS/3,FS,NR,XXV,mid,B_flat_stages,agenda|approvalstate|breadcrumbs|deleted|description|doktyp|einlangen|eurovoc|gp_code|group|headwords|history_ind|inr|intranet|ityp|names|nr_gp_code|process|sntype|stages|statementsstate|title|topics|type|update|vhg_fertig|vhg_fertig_docs|zitation,date|priority|text,37c0a7aa281d8eda819e0b59d5ceee20,"agenda, agenda[].documents, agenda[].documents[].link, agenda[].documents[].type, agenda[].title, approvalstate, breadcrumbs, breadcrumbs[].title"
/gegenstand/XX/FS/38,FS,NR,XX,mid,B_flat_stages,approvalstate|breadcrumbs|deleted|doktyp|einlangen|eurovoc|gp_code|group|headwords|history_ind|inr|intranet|ityp|names|nr_gp_code|process|sntype|stages|statementsstate|title|topics|type|update|vhg_fertig|vhg_fertig_docs|zitation,date|priority|text,b1d2345bfea371c9459e224a85b06847,"approvalstate, breadcrumbs, breadcrumbs[].title, breadcrumbs[].url, deleted, doktyp, einlangen, eurovoc"
/gegenstand/XXII/AS/21,AS,NR,XXII,mid,B_flat_stages,approvalstate|breadcrumbs|deleted|description|doktyp|einlangen|eurovoc|gp_code|group|headwords|history_ind|inr|intranet|ityp|names|nr_gp_code|process|sntype|stages|statementsstate|title|topics|type|update|vhg_fertig|vhg_fertig_docs|zitation,date|fsth|priority|reden|text,7957727496844bab5d53a3821320f88f,"approvalstate, breadcrumbs, breadcrumbs[].title, breadcrumbs[].url, deleted, description, doktyp, einlangen"
/gegenstand/XXIV/AS/24,AS,NR,XXIV,mid,B_flat_stages,approvalstate|breadcrumbs|deleted|description|doktyp|einlangen|eurovoc|gp_code|group|headwords|history_ind|inr|intranet|ityp|names|nr_gp_code|process|sntype|stages|statementsstate|title|topics|type|update|vhg_fertig|vhg_fertig_docs|zitation,date|fsth|priority|reden|text,7957727496844bab5d53a3821320f88f,"approvalstate, breadcrumbs, breadcrumbs[].title, breadcrumbs[].url, deleted, description, doktyp, einlangen"
/gegenstand/XX/AS/40,AS,NR,XX,mid,B_flat_stages,approvalstate|breadcrumbs|deleted|description|doktyp|einlangen|eurovoc|gp_code|group|headwords|history_ind|inr|intranet|ityp|names|nr_gp_code|process|sntype|stages|statementsstate|title|type|update|vhg_fertig|vhg_fertig_docs|zitation,date|fsth|priority|reden|text,b6df21cd8870c7ad8e12d3c62a45622a,"approvalstate, breadcrumbs, breadcrumbs[].title, breadcrumbs[].url, deleted, description, doktyp, einlangen"
/gegenstand/XXV/M/276,M,NR,XXV,mid,B_flat_stages,approvalstate|breadcrumbs|deleted|description|doktyp|einlangen|eurovoc|gp_code|group|headwords|history_ind|inr|intranet|ityp|names|nr_gp_code|process|sntype|stages|statementsstate|title|topics|type|update|vhg_fertig|vhg_fertig_docs|zitation,date|fsth|priority|text,7957727496844bab5d53a3821320f88f,"approvalstate, breadcrumbs, breadcrumbs[].title, breadcrumbs[].url, deleted, description, doktyp, einlangen"
/gegenstand/XXI/M/95,M,NR,XXI,mid,B_flat_stages,approvalstate|breadcrumbs|deleted|description|doktyp|einlangen|eurovoc|gp_code|group|headwords|history_ind|inr|intranet|ityp|names|nr_gp_code|process|sntype|stages|statementsstate|title|topics|type|update|vhg_fertig|vhg_fertig_docs|zitation,date|fsth|priority|text,7957727496844bab5d53a3821320f88f,"approvalstate, breadcrumbs, breadcrumbs[].title, breadcrumbs[].url, deleted, description, doktyp, einlangen"
/gegenstand/XXII/M/94,M,NR,XXII,mid,B_flat_stages,approvalstate|breadcrumbs|deleted|description|doktyp|einlangen|eurovoc|gp_code|group|headwords|history_ind|inr|intranet|ityp|names|nr_gp_code|process|sntype|stages|statementsstate|title|topics|type|update|vhg_fertig|vhg_fertig_docs|zitation,date|fsth|priority|text,3c2882f1800a9a6c71214009a8334f8f,"approvalstate, breadcrumbs, breadcrumbs[].title, breadcrumbs[].url, deleted, description, doktyp, einlangen"
/gegenstand/XX/ZA/22,ZA,NR,XX,mid,B_flat_stages,approvalstate|breadcrumbs|deleted|description|doktyp|einlangen|eurovoc|gp_code|group|headwords|history_ind|inr|intranet|ityp|names|nr_gp_code|process|reference|sntype|stages|statementsstate|title|topics|type|update|vhg_fertig|vhg_fertig_docs|zitation,date|fsth|priority|text,c5a62048de821aa01f79aa4456d5fa7f,"approvalstate, breadcrumbs, breadcrumbs[].title, breadcrumbs[].url, deleted, description, doktyp, einlangen"
/gegenstand/XX/ZA/6,ZA,NR,XX,mid,B_flat_stages,approvalstate|breadcrumbs|deleted|description|doktyp|einlangen|eurovoc|gp_code|group|headwords|history_ind|inr|intranet|ityp|names|nr_gp_code|process|reference|sntype|stages|statementsstate|title|topics|type|update|vhg_fertig|vhg_fertig_docs|zitation,date|priority|text,c5a62048de821aa01f79aa4456d5fa7f,"approvalstate, breadcrumbs, breadcrumbs[].title, breadcrumbs[].url, deleted, description, doktyp, einlangen"
/gegenstand/XXI/ZA/5,ZA,NR,XXI,mid,B_flat_stages,approvalstate|breadcrumbs|deleted|description|doktyp|einlangen|eurovoc|gp_code|group|headwords|history_ind|inr|intranet|ityp|names|nr_gp_code|process|reference|sntype|stages|statementsstate|title|topics|type|update|vhg_fertig|vhg_fertig_docs|zitation,date|fsth|priority|reden|text,8615daa86f38bf4384cfcd95a824035d,"approvalstate, breadcrumbs, breadcrumbs[].title, breadcrumbs[].url, deleted, description, doktyp, einlangen"
/gegenstand/XXIV/GO/820,GO,NR,XXIV,mid,B_flat_stages,approvalstate|breadcrumbs|deleted|description|doktyp|einlangen|eurovoc|gp_code|group|headwords|history_ind|inr|intranet|ityp|nr_gp_code|process|reference|sntype|stages|statementsstate|title|topics|type|update|vhg_fertig|vhg_fertig_docs|zitation,date|fsth|text,d43530544868a8548504d78bf6f60e16,"approvalstate, breadcrumbs, breadcrumbs[].title, breadcrumbs[].url, deleted, description, doktyp, einlangen"
/gegenstand/XXII/GO/907,GO,NR,XXII,mid,B_flat_stages,approvalstate|breadcrumbs|deleted|description|doktyp|einlangen|eurovoc|gp_code|group|headwords|history_ind|inr|intranet|ityp|names|nr_gp_code|process|reference|sntype|stages|statementsstate|title|topics|type|update|vhg_fertig|vhg_fertig_docs|zitation,date|fsth|priority|text,8615daa86f38bf4384cfcd95a824035d,"approvalstate, breadcrumbs, breadcrumbs[].title, breadcrumbs[].url, deleted, description, doktyp, einlangen"
/gegenstand/XX/GO/12,GO,NR,XX,mid,B_flat_stages,approvalstate|breadcrumbs|deleted|description|doktyp|einlangen|eurovoc|gp_code|group|headwords|history_ind|inr|intranet|ityp|names|nr_gp_code|process|reference|sntype|stages|statementsstate|title|topics|type|update|vhg_fertig|vhg_fertig_docs|zitation,date|fsth|priority|text,8615daa86f38bf4384cfcd95a824035d,"approvalstate, breadcrumbs, breadcrumbs[].title, breadcrumbs[].url, deleted, description, doktyp, einlangen"
/gegenstand/XXV/BI/38,BI,NR,XXV,mid,A_phase_stages,approvals|approvalstate|breadcrumbs|correspondence|deleted|description|documents|doktyp|einlangen|eurovoc|gp_code|group|headwords|history_ind|inr|intranet|ityp|names|nr_gp_code|phase|process|progress|sntype|statements|statementsstate|status|title|topics|type|update|vhg_fertig|vhg_fertig_docs|zitation,date|fsth|priority|text,c933e2a644744cccec0ef8e94c682884,"approvals, approvals.filter, approvals.filter.data, approvals.filter.rendertype, approvals.new, approvalstate, breadcrumbs, breadcrumbs[].title"
/gegenstand/XXV/BI/97,BI,NR,XXV,mid,A_phase_stages,approvals|approvalstate|breadcrumbs|correspondence|deleted|description|documents|doktyp|einlangen|eurovoc|gp_code|group|headwords|history_ind|inr|intranet|ityp|names|nr_gp_code|phase|process|progress|sntype|statements|statementsstate|status|title|topics|type|update|vhg_fertig|vhg_fertig_docs|zitation,date|fsth|priority|text,c933e2a644744cccec0ef8e94c682884,"approvals, approvals.filter, approvals.filter.data, approvals.filter.rendertype, approvals.new, approvalstate, breadcrumbs, breadcrumbs[].title"
/gegenstand/XXV/BI/72,BI,NR,XXV,mid,A_phase_stages,approvals|approvalstate|breadcrumbs|correspondence|deleted|description|documents|doktyp|einlangen|eurovoc|gp_code|group|headwords|history_ind|inr|intranet|ityp|names|nr_gp_code|phase|process|progress|sntype|statements|statementsstate|status|title|topics|type|update|vhg_fertig|vhg_fertig_docs|zitation,date|fsth|priority|text,f10fc52a75b79e2cd2365456f0994303,"approvals, approvals.filter, approvals.filter.data, approvals.filter.rendertype, approvals.new, approvalstate, breadcrumbs, breadcrumbs[].title"
/gegenstand/XXV/PET/2,PET,NR,XXV,mid,A_phase_stages,approvals|approvalstate|breadcrumbs|correspondence|deleted|description|documents|doktyp|einlangen|eurovoc|gp_code|group|headwords|history_ind|inr|intranet|ityp|names|nr_gp_code|phase|process|progress|sntype|statements|statementsstate|status|title|topics|type|update|vhg_fertig|vhg_fertig_docs|zitation,date|fsth|priority|text,9c8b33df336360a6353ea410607c2c26,"approvals, approvals.filter, approvals.filter.data, approvals.filter.rendertype, approvals.new, approvalstate, breadcrumbs, breadcrumbs[].title"
/gegenstand/XXIV/PET/150,PET,NR,XXIV,mid,A_phase_stages,approvals|approvalstate|breadcrumbs|correspondence|deleted|description|documents|doktyp|einlangen|eurovoc|gp_code|group|headwords|history_ind|inr|intranet|ityp|names|nr_gp_code|phase|process|progress|sntype|statements|statementsstate|status|title|topics|type|update|vhg_fertig|vhg_fertig_docs|zitation,date|fsth|priority|text,95eaa7c51fe7148db1049ffcafa7eca2,"approvals, approvals.filter, approvals.filter.data, approvals.filter.rendertype, approvals.new, approvalstate, breadcrumbs, breadcrumbs[].title"
/gegenstand/XXV/PET/86,PET,NR,XXV,mid,A_phase_stages,approvals|approvalstate|breadcrumbs|correspondence|deleted|description|documents|doktyp|einlangen|eurovoc|gp_code|group|headwords|history_ind|inr|intranet|ityp|names|nr_gp_code|phase|process|progress|sntype|statements|statementsstate|status|title|topics|type|update|vhg_fertig|vhg_fertig_docs|zitation,date|fsth|priority|text,95eaa7c51fe7148db1049ffcafa7eca2,"approvals, approvals.filter, approvals.filter.data, approvals.filter.rendertype, approvals.new, approvalstate, breadcrumbs, breadcrumbs[].title"
/gegenstand/XX/IMM/12,IMM,NR,XX,mid,A_phase_stages,approvalstate|breadcrumbs|deleted|description|doktyp|einlangen|eurovoc|gp_code|group|headwords|history_ind|inr|intranet|ityp|names|nr_gp_code|phase|process|progress|sntype|statementsstate|status|title|topics|type|update|vhg_fertig|vhg_fertig_docs|zitation,date|fsth|priority|text,b1aba0bf3d26bbeb0022d1a09b7fead3,"approvalstate, breadcrumbs, breadcrumbs[].title, breadcrumbs[].url, deleted, description, doktyp, einlangen"
/gegenstand/XXIV/IMM/46,IMM,NR,XXIV,mid,A_phase_stages,approvalstate|breadcrumbs|deleted|description|doktyp|einlangen|eurovoc|gp_code|group|headwords|history_ind|inr|intranet|ityp|names|nr_gp_code|phase|process|progress|sntype|statementsstate|status|title|topics|type|update|vhg_fertig|vhg_fertig_docs|zitation,date|priority|text,bc66c6dfef65c9b3d37d737b722d340f,"approvalstate, breadcrumbs, breadcrumbs[].title, breadcrumbs[].url, deleted, description, doktyp, einlangen"
/gegenstand/XXI/IMM/15,IMM,NR,XXI,mid,A_phase_stages,approvalstate|breadcrumbs|deleted|description|doktyp|einlangen|eurovoc|gp_code|group|headwords|history_ind|inr|intranet|ityp|names|nr_gp_code|phase|process|progress|sntype|statementsstate|status|title|topics|type|update|vhg_fertig|vhg_fertig_docs|zitation,date|fsth|priority|text,b1aba0bf3d26bbeb0022d1a09b7fead3,"approvalstate, breadcrumbs, breadcrumbs[].title, breadcrumbs[].url, deleted, description, doktyp, einlangen"
/gegenstand/XXIII/AA/41,AA,NR,XXIII,mid,B_flat_stages,approvalstate|breadcrumbs|deleted|description|documents|doktyp|einlangen|eurovoc|gp_code|group|headwords|history_ind|inr|intranet|ityp|names|nr_gp_code|process|reference|sntype|stages|statementsstate|title|topics|type|update|vhg_fertig|vhg_fertig_docs|zitation,date|fsth|priority|text,14897dca9351302e7d33d93696ce7c57,"approvalstate, breadcrumbs, breadcrumbs[].title, breadcrumbs[].url, deleted, description, documents, documents[].documents"
/gegenstand/XXIV/AA/351,AA,NR,XXIV,mid,B_flat_stages,approvalstate|breadcrumbs|deleted|description|documents|doktyp|einlangen|eurovoc|gp_code|group|headwords|history_ind|inr|intranet|ityp|names|nr_gp_code|process|reference|sntype|stages|statementsstate|title|topics|type|update|vhg_fertig|vhg_fertig_docs|zitation,date|fsth|priority|text,14897dca9351302e7d33d93696ce7c57,"approvalstate, breadcrumbs, breadcrumbs[].title, breadcrumbs[].url, deleted, description, documents, documents[].documents"
/gegenstand/XXI/AA/190,AA,NR,XXI,mid,B_flat_stages,approvalstate|breadcrumbs|deleted|description|doktyp|einlangen|eurovoc|gp_code|group|headwords|history_ind|inr|intranet|ityp|names|nr_gp_code|process|reference|sntype|stages|statementsstate|title|topics|type|update|vhg_fertig|vhg_fertig_docs|zitation,date|fsth|priority|text,8615daa86f38bf4384cfcd95a824035d,"approvalstate, breadcrumbs, breadcrumbs[].title, breadcrumbs[].url, deleted, description, doktyp, einlangen"
/gegenstand/BR/GO-BR/451,GO-BR,BR,XXIII,mid,B_flat_stages,approvalstate|breadcrumbs|deleted|description|doktyp|einlangen|eurovoc|gp_code|group|headwords|history_ind|inr|intranet|ityp|names|nr_gp_code|process|reference|sntype|stages|statementsstate|title|topics|type|update|vhg_fertig|vhg_fertig_docs|zitation,date|fsth|text,e8c4dc5a1b196e28906d6e047b0c9a1f,"approvalstate, breadcrumbs, breadcrumbs[].title, breadcrumbs[].url, deleted, description, doktyp, einlangen"
/gegenstand/BR/GO-BR/728,GO-BR,BR,XXV,mid,B_flat_stages,approvalstate|breadcrumbs|deleted|description|doktyp|einlangen|eurovoc|gp_code|group|headwords|history_ind|inr|intranet|ityp|names|nr_gp_code|process|reference|sntype|stages|statementsstate|title|topics|type|update|vhg_fertig|vhg_fertig_docs|zitation,date|fsth|text,e8c4dc5a1b196e28906d6e047b0c9a1f,"approvalstate, breadcrumbs, breadcrumbs[].title, breadcrumbs[].url, deleted, description, doktyp, einlangen"
/gegenstand/BR/GO-BR/952,GO-BR,BR,XXII,mid,B_flat_stages,approvalstate|breadcrumbs|deleted|description|doktyp|einlangen|eurovoc|gp_code|group|headwords|history_ind|inr|intranet|ityp|names|nr_gp_code|process|reference|sntype|stages|statementsstate|title|topics|type|update|vhg_fertig|vhg_fertig_docs|zitation,date|fsth|text,e8c4dc5a1b196e28906d6e047b0c9a1f,"approvalstate, breadcrumbs, breadcrumbs[].title, breadcrumbs[].url, deleted, description, doktyp, einlangen"
/gegenstand/BR/W-BR/106,W-BR,BR,XXIV,mid,B_flat_stages,approvalstate|breadcrumbs|deleted|description|doktyp|einlangen|eurovoc|gp_code|group|headwords|history_ind|inr|intranet|ityp|nr_gp_code|process|sntype|stages|statementsstate|title|topics|type|update|vhg_fertig|vhg_fertig_docs|zitation,date|fsth|names|priority|text,ddaed47d57007b93cb1abd4f507821df,"approvalstate, breadcrumbs, breadcrumbs[].title, breadcrumbs[].url, deleted, description, doktyp, einlangen"
/gegenstand/BR/W-BR/118,W-BR,BR,XXIV,mid,B_flat_stages,approvalstate|breadcrumbs|deleted|description|doktyp|einlangen|eurovoc|gp_code|group|headwords|history_ind|inr|intranet|ityp|nr_gp_code|process|sntype|stages|statementsstate|title|topics|type|update|vhg_fertig|vhg_fertig_docs|zitation,date|fsth|names|priority|text,ddaed47d57007b93cb1abd4f507821df,"approvalstate, breadcrumbs, breadcrumbs[].title, breadcrumbs[].url, deleted, description, doktyp, einlangen"
/gegenstand/BR/W-BR/62,W-BR,BR,XXII,mid,B_flat_stages,approvalstate|breadcrumbs|deleted|description|doktyp|einlangen|eurovoc|gp_code|group|headwords|history_ind|inr|intranet|ityp|nr_gp_code|process|sntype|stages|statementsstate|title|topics|type|update|vhg_fertig|vhg_fertig_docs|zitation,date|fsth|names|priority|text,ddaed47d57007b93cb1abd4f507821df,"approvalstate, breadcrumbs, breadcrumbs[].title, breadcrumbs[].url, deleted, description, doktyp, einlangen"
/gegenstand/BR/J-BR/3062,J-BR,BR,XXV,mid,B_flat_stages,approvalstate|breadcrumbs|deleted|description|documents|doktyp|einlangen|eurovoc|gp_code|group|headwords|history_ind|inr|intranet|ityp|names|nr_gp_code|process|reference|sntype|stages|statementsstate|title|topics|type|update|vhg_fertig|vhg_fertig_docs|zitation,date|fsth|priority|text,b006733e83bd5f94991be1193ce8870c,"approvalstate, breadcrumbs, breadcrumbs[].title, breadcrumbs[].url, deleted, description, documents, documents[].documents"
/gegenstand/BR/J-BR/1566,J-BR,BR,XX,mid,B_flat_stages,approvalstate|breadcrumbs|deleted|description|documents|doktyp|einlangen|eurovoc|gp_code|group|headwords|history_ind|inr|intranet|ityp|names|nr_gp_code|process|reference|sntype|stages|statementsstate|title|topics|type|update|vhg_fertig|vhg_fertig_docs|zitation,date|priority|text,b006733e83bd5f94991be1193ce8870c,"approvalstate, breadcrumbs, breadcrumbs[].title, breadcrumbs[].url, deleted, description, documents, documents[].documents"
/gegenstand/BR/J-BR/1921,J-BR,BR,XXI,mid,B_flat_stages,approvalstate|breadcrumbs|deleted|description|documents|doktyp|einlangen|eurovoc|gp_code|group|headwords|history_ind|inr|intranet|ityp|names|nr_gp_code|process|reference|sntype|stages|statementsstate|title|topics|type|update|vhg_fertig|vhg_fertig_docs|zitation,date|fsth|priority|text,b006733e83bd5f94991be1193ce8870c,"approvalstate, breadcrumbs, breadcrumbs[].title, breadcrumbs[].url, deleted, description, documents, documents[].documents"
/gegenstand/BR/M-BR/1092,M-BR,BR,XXI,mid,B_flat_stages,approvalstate|breadcrumbs|deleted|description|doktyp|einlangen|eurovoc|gp_code|group|headwords|history_ind|inr|intranet|ityp|names|nr_gp_code|process|sntype|stages|statementsstate|title|topics|type|update|vhg_fertig|vhg_fertig_docs|zitation,date|fsth|priority|text,7957727496844bab5d53a3821320f88f,"approvalstate, breadcrumbs, breadcrumbs[].title, breadcrumbs[].url, deleted, description, doktyp, einlangen"
/gegenstand/BR/M-BR/1504,M-BR,BR,XXII,mid,B_flat_stages,approvalstate|breadcrumbs|deleted|description|doktyp|einlangen|eurovoc|gp_code|group|headwords|history_ind|inr|intranet|ityp|names|nr_gp_code|process|sntype|stages|statementsstate|title|topics|type|update|vhg_fertig|vhg_fertig_docs|zitation,date|fsth|priority|text,5c85b0322bbbd8de1e8aec5e402d4f36,"approvalstate, breadcrumbs, breadcrumbs[].title, breadcrumbs[].url, deleted, description, doktyp, einlangen"
/gegenstand/BR/M-BR/1295,M-BR,BR,XXII,mid,B_flat_stages,approvalstate|breadcrumbs|deleted|description|doktyp|einlangen|eurovoc|gp_code|group|headwords|history_ind|inr|intranet|ityp|names|nr_gp_code|process|sntype|stages|statementsstate|title|topics|type|update|vhg_fertig|vhg_fertig_docs|zitation,date|fsth|priority|text,5c85b0322bbbd8de1e8aec5e402d4f36,"approvalstate, breadcrumbs, breadcrumbs[].title, breadcrumbs[].url, deleted, description, doktyp, einlangen"
/gegenstand/BR/AB-BR/1680,AB-BR,BR,XXI,mid,B_flat_stages,approvalstate|breadcrumbs|deleted|description|documents|doktyp|einlangen|eurovoc|gp_code|group|headwords|history_ind|inr|intranet|ityp|names|nr_gp_code|process|reference|sntype|stages|statementsstate|title|topics|type|update|vhg_fertig|vhg_fertig_docs|zitation,date|fsth|priority|text,ce96c54823282b274bf9095f5f468fab,"approvalstate, breadcrumbs, breadcrumbs[].title, breadcrumbs[].url, deleted, description, documents, documents[].documents"
/gegenstand/BR/AB-BR/1990,AB-BR,BR,XXII,mid,B_flat_stages,approvalstate|breadcrumbs|deleted|description|documents|doktyp|einlangen|eurovoc|gp_code|group|headwords|history_ind|inr|intranet|ityp|names|nr_gp_code|process|reference|sntype|stages|statementsstate|title|topics|type|update|vhg_fertig|vhg_fertig_docs|zitation,date|fsth|priority|text,ce96c54823282b274bf9095f5f468fab,"approvalstate, breadcrumbs, breadcrumbs[].title, breadcrumbs[].url, deleted, description, documents, documents[].documents"
/gegenstand/BR/AB-BR/1885,AB-BR,BR,XXII,mid,B_flat_stages,approvalstate|breadcrumbs|deleted|description|documents|doktyp|einlangen|eurovoc|gp_code|group|headwords|history_ind|inr|intranet|ityp|names|nr_gp_code|process|reference|sntype|stages|statementsstate|title|topics|type|update|vhg_fertig|vhg_fertig_docs|zitation,date|fsth|priority|text,ce96c54823282b274bf9095f5f468fab,"approvalstate, breadcrumbs, breadcrumbs[].title, breadcrumbs[].url, deleted, description, documents, documents[].documents"
/gegenstand/XXV/URH2/1,URH2,NR,XXV,mid,A_phase_stages,approvalstate|breadcrumbs|deleted|description|documents|doktyp|einlangen|eurovoc|gp_code|group|headwords|history_ind|inr|intranet|ityp|names|nr_gp_code|phase|process|progress|reference|sntype|statementsstate|status|title|topics|type|update|vhg_fertig|vhg_fertig_docs|zitation,date|fsth|priority|text,dd85c9e511d7343ac4fda10a5f32679a,"approvalstate, breadcrumbs, breadcrumbs[].title, breadcrumbs[].url, deleted, description, documents, documents[].documents"
/gegenstand/XX/URH2/2,URH2,NR,XX,mid,A_phase_stages,approvalstate|breadcrumbs|deleted|description|documents|doktyp|einlangen|eurovoc|gp_code|group|headwords|history_ind|inr|intranet|ityp|names|nr_gp_code|phase|process|progress|reference|sntype|statementsstate|status|title|topics|type|update|vhg_fertig|vhg_fertig_docs|zitation,date|fsth|priority|text,03d2cfddd7d04bfbc5ad6c2549732b4c,"approvalstate, breadcrumbs, breadcrumbs[].title, breadcrumbs[].url, deleted, description, documents, documents[].documents"
/gegenstand/XXI/URH2/1,URH2,NR,XXI,mid,A_phase_stages,approvalstate|breadcrumbs|deleted|description|documents|doktyp|einlangen|eurovoc|gp_code|group|headwords|history_ind|inr|intranet|ityp|nr_gp_code|phase|process|progress|reference|sntype|statementsstate|status|title|topics|type|update|vhg_fertig|vhg_fertig_docs|zitation,date|fsth|priority|text,518becd598965d368e567f3bbf9b1665,"approvalstate, breadcrumbs, breadcrumbs[].title, breadcrumbs[].url, deleted, description, documents, documents[].documents"
/gegenstand/XXI/KOMM/61,KOMM,NR,XXI,mid,B_flat_stages,approvalstate|breadcrumbs|deleted|description|documents|doktyp|einlangen|eurovoc|gp_code|group|headwords|history_ind|inr|intranet|ityp|nr_gp_code|process|reference|sntype|stages|statementsstate|title|topics|type|update|vhg_fertig|vhg_fertig_docs|zitation,date|priority|text,aaf693cb4175786168ef329d0124e3b1,"approvalstate, breadcrumbs, breadcrumbs[].title, breadcrumbs[].url, deleted, description, documents, documents[].documents"
/gegenstand/XXIV/KOMM/119,KOMM,NR,XXIV,mid,B_flat_stages,approvalstate|breadcrumbs|deleted|description|documents|doktyp|einlangen|eurovoc|gp_code|group|headwords|history_ind|inr|intranet|ityp|nr_gp_code|process|reference|sntype|stages|statementsstate|title|topics|type|update|vhg_fertig|vhg_fertig_docs|zitation,date|priority|text,aaf693cb4175786168ef329d0124e3b1,"approvalstate, breadcrumbs, breadcrumbs[].title, breadcrumbs[].url, deleted, description, documents, documents[].documents"
/gegenstand/XXV/KOMM/157,KOMM,NR,XXV,mid,B_flat_stages,approvalstate|breadcrumbs|deleted|description|documents|doktyp|einlangen|eurovoc|gp_code|group|headwords|history_ind|inr|intranet|ityp|nr_gp_code|process|reference|sntype|stages|statementsstate|stdocuments|title|topics|type|update|vhg_fertig|vhg_fertig_docs|zitation,date|priority|text,98c63d560447877962cdda64cd6fd610,"approvalstate, breadcrumbs, breadcrumbs[].title, breadcrumbs[].url, deleted, description, documents, documents[].documents"
/gegenstand/XX/ABM/4,ABM,NR,XX,mid,B_flat_stages,approvalstate|breadcrumbs|deleted|description|documents|doktyp|einlangen|eurovoc|gp_code|group|headwords|history_ind|inr|intranet|ityp|names|nr_gp_code|process|reference|sntype|stages|statementsstate|title|topics|type|update|vhg_fertig|vhg_fertig_docs|zitation,date|fsth|priority|text,ce96c54823282b274bf9095f5f468fab,"approvalstate, breadcrumbs, breadcrumbs[].title, breadcrumbs[].url, deleted, description, documents, documents[].documents"
/gegenstand/XX/ABM/12,ABM,NR,XX,mid,B_flat_stages,approvalstate|breadcrumbs|deleted|description|documents|doktyp|einlangen|eurovoc|gp_code|group|headwords|history_ind|inr|intranet|ityp|names|nr_gp_code|process|reference|sntype|stages|statementsstate|title|topics|type|update|vhg_fertig|vhg_fertig_docs|zitation,date|fsth|priority|text,ce96c54823282b274bf9095f5f468fab,"approvalstate, breadcrumbs, breadcrumbs[].title, breadcrumbs[].url, deleted, description, documents, documents[].documents"
/gegenstand/XX/ABM/5,ABM,NR,XX,mid,B_flat_stages,approvalstate|breadcrumbs|deleted|description|documents|doktyp|einlangen|eurovoc|gp_code|group|headwords|history_ind|inr|intranet|ityp|names|nr_gp_code|process|reference|sntype|stages|statementsstate|title|topics|type|update|vhg_fertig|vhg_fertig_docs|zitation,date|fsth|priority|text,ce96c54823282b274bf9095f5f468fab,"approvalstate, breadcrumbs, breadcrumbs[].title, breadcrumbs[].url, deleted, description, documents, documents[].documents"
/gegenstand/BR/AEA-BR/3,AEA-BR,BR,XX,mid,B_flat_stages,approvalstate|breadcrumbs|deleted|description|doktyp|einlangen|eurovoc|gp_code|group|headwords|history_ind|inr|intranet|ityp|names|nr_gp_code|process|reference|sntype|stages|statementsstate|title|topics|type|update|vhg_fertig|vhg_fertig_docs|zitation,date|fsth|priority|text,e9e15a738443c7171f010aa1b9919ca2,"approvalstate, breadcrumbs, breadcrumbs[].title, breadcrumbs[].url, deleted, description, doktyp, einlangen"
/gegenstand/BR/AEA-BR/2,AEA-BR,BR,XX,mid,B_flat_stages,approvalstate|breadcrumbs|deleted|description|doktyp|einlangen|eurovoc|gp_code|group|headwords|history_ind|inr|intranet|ityp|nr_gp_code|process|reference|sntype|stages|statementsstate|title|topics|type|update|vhg_fertig|vhg_fertig_docs|zitation,date|fsth|priority|text,f0a6b83e2f7269bb47214a804b9233b9,"approvalstate, breadcrumbs, breadcrumbs[].title, breadcrumbs[].url, deleted, description, doktyp, einlangen"
/gegenstand/BR/AEA-BR/4,AEA-BR,BR,XXIV,mid,B_flat_stages,approvalstate|breadcrumbs|deleted|description|doktyp|einlangen|eurovoc|gp_code|group|headwords|history_ind|inr|intranet|ityp|nr_gp_code|process|reference|sntype|stages|statementsstate|title|topics|type|update|vhg_fertig|vhg_fertig_docs|zitation,date|fsth|priority|text,f0a6b83e2f7269bb47214a804b9233b9,"approvalstate, breadcrumbs, breadcrumbs[].title, breadcrumbs[].url, deleted, description, doktyp, einlangen"
/gegenstand/BR/UEA-BR/27,UEA-BR,BR,XX,mid,B_flat_stages,approvalstate|breadcrumbs|deleted|description|doktyp|einlangen|eurovoc|gp_code|group|headwords|history_ind|inr|intranet|ityp|names|nr_gp_code|process|sntype|stages|statementsstate|title|topics|type|update|vhg_fertig|vhg_fertig_docs|zitation,date|fsth|priority|text,3cf794928218144a9978adbe2dfe6192,"approvalstate, breadcrumbs, breadcrumbs[].title, breadcrumbs[].url, deleted, description, doktyp, einlangen"
/gegenstand/BR/UEA-BR/162,UEA-BR,BR,XXII,mid,B_flat_stages,approvalstate|breadcrumbs|deleted|description|doktyp|einlangen|eurovoc|gp_code|group|headwords|history_ind|inr|intranet|ityp|names|nr_gp_code|process|reference|sntype|stages|statementsstate|title|topics|type|update|vhg_fertig|vhg_fertig_docs|zitation,date|fsth|priority|reden|text,8615daa86f38bf4384cfcd95a824035d,"approvalstate, breadcrumbs, breadcrumbs[].title, breadcrumbs[].url, deleted, description, doktyp, einlangen"
/gegenstand/BR/UEA-BR/8,UEA-BR,BR,XX,mid,B_flat_stages,approvalstate|breadcrumbs|deleted|description|doktyp|einlangen|eurovoc|gp_code|group|headwords|history_ind|inr|intranet|ityp|names|nr_gp_code|process|reference|sntype|stages|statementsstate|title|topics|type|update|vhg_fertig|vhg_fertig_docs|zitation,date|fsth|priority|text,8615daa86f38bf4384cfcd95a824035d,"approvalstate, breadcrumbs, breadcrumbs[].title, breadcrumbs[].url, deleted, description, doktyp, einlangen"
/gegenstand/BR/IV-BR/45,IV-BR,BR,XXIV,mid,B_flat_stages,approvalstate|breadcrumbs|deleted|description|documents|doktyp|einlangen|gp_code|group|history_ind|inr|intranet|ityp|nr_gp_code|process|reference|sntype|stages|statementsstate|title|type|update|vhg_fertig|vhg_fertig_docs|zitation,date|priority|text,ceae3212e6164241090f1c3ea80a2d05,"approvalstate, breadcrumbs, breadcrumbs[].title, breadcrumbs[].url, deleted, description, documents, documents[].documents"
/gegenstand/BR/IV-BR/42,IV-BR,BR,XXIV,mid,B_flat_stages,approvalstate|breadcrumbs|deleted|description|documents|doktyp|einlangen|gp_code|group|history_ind|inr|intranet|ityp|nr_gp_code|process|reference|sntype|stages|statementsstate|title|type|update|vhg_fertig|vhg_fertig_docs|zitation,date|priority|text,ceae3212e6164241090f1c3ea80a2d05,"approvalstate, breadcrumbs, breadcrumbs[].title, breadcrumbs[].url, deleted, description, documents, documents[].documents"
/gegenstand/BR/IV-BR/73,IV-BR,BR,XXV,mid,B_flat_stages,approvalstate|breadcrumbs|deleted|description|documents|doktyp|einlangen|gp_code|group|history_ind|inr|intranet|ityp|nr_gp_code|process|reference|sntype|stages|statementsstate|stdocuments|title|type|update|vhg_fertig|vhg_fertig_docs|zitation,date|priority|text,bcd546407043f8d6dc34899a6b42b7e6,"approvalstate, breadcrumbs, breadcrumbs[].title, breadcrumbs[].url, deleted, description, documents, documents[].documents"
/gegenstand/BR/LHER-BR/17,LHER-BR,BR,XXII,mid,B_flat_stages,approvalstate|breadcrumbs|deleted|description|doktyp|einlangen|eurovoc|gp_code|group|headwords|history_ind|inr|intranet|ityp|names|nr_gp_code|process|sntype|stages|statementsstate|title|topics|type|update|vhg_fertig|vhg_fertig_docs|zitation,date|fsth|priority|reden|text,4363ac579992c9041b474edf8e7c057f,"approvalstate, breadcrumbs, breadcrumbs[].title, breadcrumbs[].url, deleted, description, doktyp, einlangen"
/gegenstand/BR/LHER-BR/6,LHER-BR,BR,XXI,mid,B_flat_stages,approvalstate|breadcrumbs|deleted|description|doktyp|einlangen|eurovoc|gp_code|group|headwords|history_ind|inr|intranet|ityp|names|nr_gp_code|process|sntype|stages|statementsstate|title|topics|type|update|vhg_fertig|vhg_fertig_docs|zitation,date|fsth|priority|reden|text,4363ac579992c9041b474edf8e7c057f,"approvalstate, breadcrumbs, breadcrumbs[].title, breadcrumbs[].url, deleted, description, doktyp, einlangen"
/gegenstand/BR/LHER-BR/14,LHER-BR,BR,XXII,mid,B_flat_stages,approvalstate|breadcrumbs|deleted|description|doktyp|einlangen|eurovoc|gp_code|group|headwords|history_ind|inr|intranet|ityp|names|nr_gp_code|process|sntype|stages|statementsstate|title|topics|type|update|vhg_fertig|vhg_fertig_docs|zitation,date|fsth|priority|text,7957727496844bab5d53a3821320f88f,"approvalstate, breadcrumbs, breadcrumbs[].title, breadcrumbs[].url, deleted, description, doktyp, einlangen"
/gegenstand/BR/RGER-BR/12,RGER-BR,BR,XXII,mid,B_flat_stages,approvalstate|breadcrumbs|deleted|description|doktyp|einlangen|eurovoc|gp_code|group|headwords|history_ind|inr|intranet|ityp|names|nr_gp_code|process|sntype|stages|statementsstate|title|topics|type|update|vhg_fertig|vhg_fertig_docs|zitation,date|fsth|priority|text,7957727496844bab5d53a3821320f88f,"approvalstate, breadcrumbs, breadcrumbs[].title, breadcrumbs[].url, deleted, description, doktyp, einlangen"
/gegenstand/BR/RGER-BR/22,RGER-BR,BR,XXIV,mid,B_flat_stages,approvalstate|breadcrumbs|deleted|description|doktyp|einlangen|eurovoc|gp_code|group|headwords|history_ind|inr|intranet|ityp|names|nr_gp_code|process|sntype|stages|statementsstate|title|topics|type|update|vhg_fertig|vhg_fertig_docs|zitation,date|fsth|priority|text,7957727496844bab5d53a3821320f88f,"approvalstate, breadcrumbs, breadcrumbs[].title, breadcrumbs[].url, deleted, description, doktyp, einlangen"
/gegenstand/BR/RGER-BR/10,RGER-BR,BR,XXII,mid,B_flat_stages,approvalstate|breadcrumbs|deleted|description|doktyp|einlangen|eurovoc|gp_code|group|headwords|history_ind|inr|intranet|ityp|names|nr_gp_code|process|sntype|stages|statementsstate|title|topics|type|update|vhg_fertig|vhg_fertig_docs|zitation,date|fsth|priority|text,5c85b0322bbbd8de1e8aec5e402d4f36,"approvalstate, breadcrumbs, breadcrumbs[].title, breadcrumbs[].url, deleted, description, doktyp, einlangen"
/gegenstand/BR/FS-BR/168,FS-BR,BR,XXV,mid,B_flat_stages,agenda|approvalstate|breadcrumbs|deleted|description|doktyp|einlangen|eurovoc|gp_code|group|headwords|history_ind|inr|intranet|ityp|names|nr_gp_code|process|sntype|stages|statementsstate|title|topics|type|update|vhg_fertig|vhg_fertig_docs|zitation,date|priority|text,16752aba72e68f5e49dfe12dd06d2023,"agenda, agenda[].documents, agenda[].documents[].link, agenda[].documents[].type, agenda[].title, approvalstate, breadcrumbs, breadcrumbs[].title"
/gegenstand/BR/FS-BR/163,FS-BR,BR,XXV,mid,B_flat_stages,agenda|approvalstate|breadcrumbs|deleted|description|doktyp|einlangen|eurovoc|gp_code|group|headwords|history_ind|inr|intranet|ityp|nr_gp_code|process|sntype|stages|statementsstate|title|topics|type|update|vhg_fertig|vhg_fertig_docs|zitation,date|priority|text,9b9a7cf896ae6da988f2312fa350c0a0,"agenda, agenda[].documents, agenda[].documents[].link, agenda[].documents[].type, agenda[].title, approvalstate, breadcrumbs, breadcrumbs[].title"
/gegenstand/BR/FS-BR/105,FS-BR,BR,XXII,mid,B_flat_stages,agenda|approvalstate|breadcrumbs|deleted|description|doktyp|einlangen|eurovoc|gp_code|group|headwords|history_ind|inr|intranet|ityp|names|nr_gp_code|process|sntype|stages|statementsstate|title|topics|type|update|vhg_fertig|vhg_fertig_docs|zitation,date|priority|text,37c0a7aa281d8eda819e0b59d5ceee20,"agenda, agenda[].documents, agenda[].documents[].link, agenda[].documents[].type, agenda[].title, approvalstate, breadcrumbs, breadcrumbs[].title"
/gegenstand/BR/ABM-BR/4,ABM-BR,BR,XX,mid,B_flat_stages,approvalstate|breadcrumbs|deleted|description|documents|doktyp|einlangen|eurovoc|gp_code|group|headwords|history_ind|inr|intranet|ityp|names|nr_gp_code|process|reference|sntype|stages|statementsstate|title|topics|type|update|vhg_fertig|vhg_fertig_docs|zitation,date|fsth|priority|text,ce96c54823282b274bf9095f5f468fab,"approvalstate, breadcrumbs, breadcrumbs[].title, breadcrumbs[].url, deleted, description, documents, documents[].documents"
/gegenstand/BR/ABM-BR/5,ABM-BR,BR,XXII,mid,B_flat_stages,approvalstate|breadcrumbs|deleted|description|documents|doktyp|einlangen|eurovoc|gp_code|group|headwords|history_ind|inr|intranet|ityp|names|nr_gp_code|process|reference|sntype|stages|statementsstate|title|topics|type|update|vhg_fertig|vhg_fertig_docs|zitation,date|priority|text,ce96c54823282b274bf9095f5f468fab,"approvalstate, breadcrumbs, breadcrumbs[].title, breadcrumbs[].url, deleted, description, documents, documents[].documents"
/gegenstand/BR/ABM-BR/2,ABM-BR,BR,XX,mid,B_flat_stages,approvalstate|breadcrumbs|deleted|description|documents|doktyp|einlangen|eurovoc|gp_code|group|headwords|history_ind|inr|intranet|ityp|names|nr_gp_code|process|reference|sntype|stages|statementsstate|title|topics|type|update|vhg_fertig|vhg_fertig_docs|zitation,date|fsth|priority|text,ce96c54823282b274bf9095f5f468fab,"approvalstate, breadcrumbs, breadcrumbs[].title, breadcrumbs[].url, deleted, description, documents, documents[].documents"
/gegenstand/BR/PET-BR/31,PET-BR,BR,XXIV,mid,A_phase_stages,approvals|approvalstate|breadcrumbs|correspondence|deleted|description|documents|doktyp|einlangen|eurovoc|gp_code|group|headwords|history_ind|inr|intranet|ityp|names|nr_gp_code|phase|process|progress|sntype|statements|statementsstate|status|title|topics|type|update|vhg_fertig|vhg_fertig_docs|zitation,date|fsth|priority|text,baf846ac2ac82901c1eeedb8e80df4f9,"approvals, approvals.filter, approvals.filter.data, approvals.filter.rendertype, approvals.new, approvalstate, breadcrumbs, breadcrumbs[].title"
/gegenstand/BR/PET-BR/15,PET-BR,BR,XX,mid,A_phase_stages,approvals|approvalstate|breadcrumbs|deleted|description|doktyp|einlangen|eurovoc|gp_code|group|headwords|history_ind|inr|intranet|ityp|names|nr_gp_code|phase|process|progress|sntype|statements|statementsstate|status|title|topics|type|update|vhg_fertig|vhg_fertig_docs|zitation,date|priority|text,ac16e4a96f66c78a0a8ec34b5b55a8b1,"approvals, approvals.filter, approvals.filter.data, approvals.filter.rendertype, approvals.new, approvalstate, breadcrumbs, breadcrumbs[].title"
/gegenstand/BR/PET-BR/17,PET-BR,BR,XXII,mid,A_phase_stages,approvals|approvalstate|breadcrumbs|deleted|description|doktyp|einlangen|eurovoc|gp_code|group|headwords|history_ind|inr|intranet|ityp|names|nr_gp_code|phase|process|progress|sntype|statements|statementsstate|status|title|topics|type|update|vhg_fertig|vhg_fertig_docs|zitation,date|priority|text,ac16e4a96f66c78a0a8ec34b5b55a8b1,"approvals, approvals.filter, approvals.filter.data, approvals.filter.rendertype, approvals.new, approvalstate, breadcrumbs, breadcrumbs[].title"
/gegenstand/BR/S-BR/4,S-BR,BR,XXV,mid,B_flat_stages,approvalstate|breadcrumbs|deleted|description|documents|doktyp|einlangen|gp_code|group|history_ind|inr|intranet|ityp|nr_gp_code|process|reference|sntype|stages|statementsstate|title|type|update|vhg_fertig|vhg_fertig_docs|zitation,date|text,19951fe63af7aede5514a52074e662bc,"approvalstate, breadcrumbs, breadcrumbs[].title, breadcrumbs[].url, deleted, description, documents, documents[].documents"
/gegenstand/BR/S-BR/1,S-BR,BR,XX,mid,B_flat_stages,approvalstate|breadcrumbs|deleted|doktyp|einlangen|gp_code|group|history_ind|inr|intranet|ityp|nr_gp_code|process|sntype|stages|statementsstate|title|type|update|vhg_fertig|vhg_fertig_docs|zitation,date|text,932897f3783b78049c7ce0e6bc204c70,"approvalstate, breadcrumbs, breadcrumbs[].title, breadcrumbs[].url, deleted, doktyp, einlangen, gp_code"
/gegenstand/BR/S-BR/5,S-BR,BR,XXV,mid,B_flat_stages,approvalstate|breadcrumbs|deleted|description|documents|doktyp|einlangen|gp_code|group|history_ind|inr|intranet|ityp|nr_gp_code|process|sntype|stages|statementsstate|title|type|update|vhg_fertig|vhg_fertig_docs|zitation,date|text,eb6f9866205db00ec931a2e274340bcd,"approvalstate, breadcrumbs, breadcrumbs[].title, breadcrumbs[].url, deleted, description, documents, documents[].documents"
/gegenstand/BR/VER-BR/19,VER-BR,BR,XXIII,mid,B_flat_stages,approvalstate|breadcrumbs|deleted|description|doktyp|einlangen|eurovoc|gp_code|group|headwords|history_ind|inr|intranet|ityp|names|nr_gp_code|process|reference|sntype|stages|statementsstate|title|topics|type|update|vhg_fertig|vhg_fertig_docs|zitation,date|fsth|priority|text,8615daa86f38bf4384cfcd95a824035d,"approvalstate, breadcrumbs, breadcrumbs[].title, breadcrumbs[].url, deleted, description, doktyp, einlangen"
/gegenstand/BR/VER-BR/1,VER-BR,BR,XX,mid,B_flat_stages,approvalstate|breadcrumbs|deleted|description|documents|doktyp|einlangen|eurovoc|gp_code|group|headwords|history_ind|inr|intranet|ityp|nr_gp_code|process|reference|sntype|stages|statementsstate|stdocuments|title|topics|type|update|vhg_fertig|vhg_fertig_docs|zitation,date|priority|text,98c63d560447877962cdda64cd6fd610,"approvalstate, breadcrumbs, breadcrumbs[].title, breadcrumbs[].url, deleted, description, documents, documents[].documents"
/gegenstand/BR/VER-BR/42,VER-BR,BR,XXV,mid,B_flat_stages,agenda|approvalstate|breadcrumbs|correspondence|deleted|description|documents|doktyp|einlangen|eurovoc|gp_code|group|headwords|history_ind|inr|intranet|ityp|nr_gp_code|process|reference|sntype|stages|statementsstate|stdocuments|title|topics|type|update|vhg_fertig|vhg_fertig_docs|zitation,date|priority|text,46c534a1fca30ffa480c01143bb094ca,"agenda, agenda[].documents, agenda[].documents[].link, agenda[].documents[].type, agenda[].title, approvalstate, breadcrumbs, breadcrumbs[].title"
/gegenstand/BR/AA-BR/3,AA-BR,BR,XXV,mid,B_flat_stages,approvalstate|breadcrumbs|deleted|description|documents|doktyp|einlangen|eurovoc|gp_code|group|headwords|history_ind|inr|intranet|ityp|names|nr_gp_code|process|reference|sntype|stages|statementsstate|title|topics|type|update|vhg_fertig|vhg_fertig_docs|zitation,date|fsth|priority|text,cac09fed20dd739ac88ed90a13c8f8c2,"approvalstate, breadcrumbs, breadcrumbs[].title, breadcrumbs[].url, deleted, description, documents, documents[].documents"
/gegenstand/BR/AA-BR/2,AA-BR,BR,XXIV,mid,B_flat_stages,approvalstate|breadcrumbs|deleted|description|documents|doktyp|einlangen|eurovoc|gp_code|group|headwords|history_ind|inr|intranet|ityp|names|nr_gp_code|process|reference|sntype|stages|statementsstate|title|topics|type|update|vhg_fertig|vhg_fertig_docs|zitation,date|fsth|priority|text,14897dca9351302e7d33d93696ce7c57,"approvalstate, breadcrumbs, breadcrumbs[].title, breadcrumbs[].url, deleted, description, documents, documents[].documents"
/gegenstand/BR/AA-BR/1,AA-BR,BR,XX,mid,B_flat_stages,approvalstate|breadcrumbs|deleted|description|documents|doktyp|einlangen|eurovoc|gp_code|group|headwords|history_ind|inr|intranet|ityp|names|nr_gp_code|process|reference|sntype|stages|statementsstate|title|topics|type|update|vhg_fertig|vhg_fertig_docs|zitation,date|fsth|priority|text,14897dca9351302e7d33d93696ce7c57,"approvalstate, breadcrumbs, breadcrumbs[].title, breadcrumbs[].url, deleted, description, documents, documents[].documents"
/gegenstand/XXIV/SEU/13,SEU,NR,XXIV,mid,B_flat_stages,approvalstate|breadcrumbs|deleted|description|documents|doktyp|einlangen|gp_code|group|history_ind|inr|intranet|ityp|nr_gp_code|process|reference|sntype|stages|statementsstate|title|type|update|vhg_fertig|vhg_fertig_docs|zitation,date|text,19951fe63af7aede5514a52074e662bc,"approvalstate, breadcrumbs, breadcrumbs[].title, breadcrumbs[].url, deleted, description, documents, documents[].documents"
/gegenstand/XXIV/SEU/1,SEU,NR,XXIV,mid,B_flat_stages,approvalstate|breadcrumbs|deleted|description|documents|doktyp|einlangen|gp_code|group|history_ind|inr|intranet|ityp|nr_gp_code|process|reference|sntype|stages|statementsstate|title|type|update|vhg_fertig|vhg_fertig_docs|zitation,date|text,19951fe63af7aede5514a52074e662bc,"approvalstate, breadcrumbs, breadcrumbs[].title, breadcrumbs[].url, deleted, description, documents, documents[].documents"
/gegenstand/XXV/SEU/1,SEU,NR,XXV,mid,B_flat_stages,approvalstate|breadcrumbs|deleted|description|documents|doktyp|einlangen|gp_code|group|history_ind|inr|intranet|ityp|nr_gp_code|process|reference|sntype|stages|statementsstate|title|type|update|vhg_fertig|vhg_fertig_docs|zitation,date|text,19951fe63af7aede5514a52074e662bc,"approvalstate, breadcrumbs, breadcrumbs[].title, breadcrumbs[].url, deleted, description, documents, documents[].documents"
/gegenstand/XXIV/BNR/18,BNR,NR,XXIV,mid,B_flat_stages,approvalstate|breadcrumbs|deleted|description|documents|doktyp|einlangen|eurovoc|gp_code|group|headwords|history_ind|inr|intranet|ityp|nr_gp_code|process|reference|sntype|stages|statementsstate|title|topics|type|update|vhg_fertig|vhg_fertig_docs|zitation,date|priority|text,aaf693cb4175786168ef329d0124e3b1,"approvalstate, breadcrumbs, breadcrumbs[].title, breadcrumbs[].url, deleted, description, documents, documents[].documents"
/gegenstand/XXIV/BNR/135,BNR,NR,XXIV,mid,B_flat_stages,approvalstate|breadcrumbs|deleted|description|documents|doktyp|einlangen|eurovoc|gp_code|group|headwords|history_ind|inr|intranet|ityp|nr_gp_code|process|reference|sntype|stages|statementsstate|title|topics|type|update|vhg_fertig|vhg_fertig_docs|zitation,date|priority|text,aaf693cb4175786168ef329d0124e3b1,"approvalstate, breadcrumbs, breadcrumbs[].title, breadcrumbs[].url, deleted, description, documents, documents[].documents"
/gegenstand/XXIV/BNR/184,BNR,NR,XXIV,mid,B_flat_stages,approvalstate|breadcrumbs|deleted|description|documents|doktyp|einlangen|eurovoc|gp_code|group|headwords|history_ind|inr|intranet|ityp|nr_gp_code|process|reference|sntype|stages|statementsstate|title|topics|type|update|vhg_fertig|vhg_fertig_docs|zitation,date|priority|text,aaf693cb4175786168ef329d0124e3b1,"approvalstate, breadcrumbs, breadcrumbs[].title, breadcrumbs[].url, deleted, description, documents, documents[].documents"
/gegenstand/XXV/BNR/406,BNR,BR,XXV,mid,B_flat_stages,approvalstate|breadcrumbs|deleted|description|documents|doktyp|einlangen|eurovoc|gp_code|group|headwords|history_ind|inr|intranet|ityp|nr_gp_code|process|reference|sntype|stages|statementsstate|title|topics|type|update|vhg_fertig|vhg_fertig_docs|zitation,date|priority|text,aaf693cb4175786168ef329d0124e3b1,"approvalstate, breadcrumbs, breadcrumbs[].title, breadcrumbs[].url, deleted, description, documents, documents[].documents"
/gegenstand/XXII/BNR/361,BNR,BR,XXII,mid,B_flat_stages,approvalstate|breadcrumbs|deleted|description|documents|doktyp|einlangen|eurovoc|gp_code|group|headwords|history_ind|inr|intranet|ityp|nr_gp_code|process|reference|sntype|stages|statementsstate|title|topics|type|update|vhg_fertig|vhg_fertig_docs|zitation,date|priority|text,aaf693cb4175786168ef329d0124e3b1,"approvalstate, breadcrumbs, breadcrumbs[].title, breadcrumbs[].url, deleted, description, documents, documents[].documents"
/gegenstand/XXIII/BNR/250,BNR,BR,XXIII,mid,B_flat_stages,approvalstate|breadcrumbs|deleted|description|documents|doktyp|einlangen|eurovoc|gp_code|group|headwords|history_ind|inr|intranet|ityp|nr_gp_code|process|reference|sntype|stages|statementsstate|title|topics|type|update|vhg_fertig|vhg_fertig_docs|zitation,date|priority|text,aaf693cb4175786168ef329d0124e3b1,"approvalstate, breadcrumbs, breadcrumbs[].title, breadcrumbs[].url, deleted, description, documents, documents[].documents"
/gegenstand/XXII/EUPLB/5,EUPLB,NR,XXII,mid,B_flat_stages,approvalstate|breadcrumbs|deleted|description|doktyp|einlangen|eurovoc|gp_code|group|headwords|history_ind|inr|intranet|ityp|names|nr_gp_code|process|sntype|stages|statementsstate|title|topics|type|update|vhg_fertig|vhg_fertig_docs|zitation,date|priority|text,cea127a8be39a7a2cc6e01d45119532d,"approvalstate, breadcrumbs, breadcrumbs[].title, breadcrumbs[].url, deleted, description, doktyp, einlangen"
/gegenstand/XXII/EUPLB/9,EUPLB,NR,XXII,mid,B_flat_stages,approvalstate|breadcrumbs|deleted|description|doktyp|einlangen|eurovoc|gp_code|group|headwords|history_ind|inr|intranet|ityp|names|nr_gp_code|process|sntype|stages|statementsstate|title|topics|type|update|vhg_fertig|vhg_fertig_docs|zitation,date|priority|text,cea127a8be39a7a2cc6e01d45119532d,"approvalstate, breadcrumbs, breadcrumbs[].title, breadcrumbs[].url, deleted, description, doktyp, einlangen"
/gegenstand/XXII/EUPLB/6,EUPLB,NR,XXII,mid,B_flat_stages,approvalstate|breadcrumbs|deleted|description|doktyp|einlangen|eurovoc|gp_code|group|headwords|history_ind|inr|intranet|ityp|names|nr_gp_code|process|sntype|stages|statementsstate|title|topics|type|update|vhg_fertig|vhg_fertig_docs|zitation,date|priority|text,cea127a8be39a7a2cc6e01d45119532d,"approvalstate, breadcrumbs, breadcrumbs[].title, breadcrumbs[].url, deleted, description, doktyp, einlangen"
/gegenstand/XXIV/MEU/73,MEU,NR,XXIV,mid,B_flat_stages,approvalstate|breadcrumbs|deleted|description|doktyp|einlangen|gp_code|group|history_ind|inr|intranet|ityp|names|nr_gp_code|process|reference|sntype|stages|statementsstate|title|type|update|vhg_fertig|vhg_fertig_docs|zitation,date|priority|text,93466b6fe439cc0bfbf0ee1833cf2791,"approvalstate, breadcrumbs, breadcrumbs[].title, breadcrumbs[].url, deleted, description, doktyp, einlangen"
/gegenstand/XXIV/MEU/46,MEU,NR,XXIV,mid,B_flat_stages,approvalstate|breadcrumbs|deleted|description|doktyp|einlangen|gp_code|group|history_ind|inr|intranet|ityp|names|nr_gp_code|process|reference|sntype|stages|statementsstate|title|type|update|vhg_fertig|vhg_fertig_docs|zitation,date|priority|text,93466b6fe439cc0bfbf0ee1833cf2791,"approvalstate, breadcrumbs, breadcrumbs[].title, breadcrumbs[].url, deleted, description, doktyp, einlangen"
/gegenstand/XXIV/MEU/52,MEU,NR,XXIV,mid,B_flat_stages,approvalstate|breadcrumbs|deleted|description|doktyp|einlangen|gp_code|group|history_ind|inr|intranet|ityp|names|nr_gp_code|process|reference|sntype|stages|statementsstate|title|type|update|vhg_fertig|vhg_fertig_docs|zitation,date|priority|text,93466b6fe439cc0bfbf0ee1833cf2791,"approvalstate, breadcrumbs, breadcrumbs[].title, breadcrumbs[].url, deleted, description, doktyp, einlangen"
/gegenstand/BR/MEU-BR/33,MEU-BR,BR,XXIV,mid,B_flat_stages,approvalstate|breadcrumbs|deleted|description|doktyp|einlangen|gp_code|group|history_ind|inr|intranet|ityp|names|nr_gp_code|process|reference|sntype|stages|statementsstate|title|type|update|vhg_fertig|vhg_fertig_docs|zitation,date|priority|text,93466b6fe439cc0bfbf0ee1833cf2791,"approvalstate, breadcrumbs, breadcrumbs[].title, breadcrumbs[].url, deleted, description, doktyp, einlangen"
/gegenstand/BR/MEU-BR/27,MEU-BR,BR,XXIV,mid,B_flat_stages,approvalstate|breadcrumbs|deleted|description|doktyp|einlangen|gp_code|group|history_ind|inr|intranet|ityp|names|nr_gp_code|process|reference|sntype|stages|statementsstate|title|type|update|vhg_fertig|vhg_fertig_docs|zitation,date|priority|text,93466b6fe439cc0bfbf0ee1833cf2791,"approvalstate, breadcrumbs, breadcrumbs[].title, breadcrumbs[].url, deleted, description, doktyp, einlangen"
/gegenstand/BR/MEU-BR/41,MEU-BR,BR,XXIV,mid,B_flat_stages,approvalstate|breadcrumbs|deleted|description|doktyp|einlangen|gp_code|group|history_ind|inr|intranet|ityp|names|nr_gp_code|process|reference|sntype|stages|statementsstate|title|type|update|vhg_fertig|vhg_fertig_docs|zitation,date|priority|text,93466b6fe439cc0bfbf0ee1833cf2791,"approvalstate, breadcrumbs, breadcrumbs[].title, breadcrumbs[].url, deleted, description, doktyp, einlangen"
/gegenstand/XXV/BS/144,BS,NR,XXV,mid,B_flat_stages,approvalstate|breadcrumbs|deleted|doktyp|einlangen|eurovoc|gp_code|group|headwords|history_ind|inr|intranet|ityp|nr_gp_code|process|reference|sntype|stages|statementsstate|title|topics|type|update|vhg_fertig|vhg_fertig_docs|zitation,date|priority|text,24b3f1d8c9612c446711628d91e3bc65,"approvalstate, breadcrumbs, breadcrumbs[].title, breadcrumbs[].url, deleted, doktyp, einlangen, eurovoc"
/gegenstand/XXV/BS/43,BS,NR,XXV,mid,B_flat_stages,approvalstate|breadcrumbs|deleted|doktyp|einlangen|eurovoc|gp_code|group|headwords|history_ind|inr|intranet|ityp|nr_gp_code|process|reference|sntype|stages|statementsstate|title|topics|type|update|vhg_fertig|vhg_fertig_docs|zitation,date|priority|text,24b3f1d8c9612c446711628d91e3bc65,"approvalstate, breadcrumbs, breadcrumbs[].title, breadcrumbs[].url, deleted, doktyp, einlangen, eurovoc"
/gegenstand/XXIV/BS/8,BS,NR,XXIV,mid,B_flat_stages,approvalstate|breadcrumbs|deleted|doktyp|einlangen|eurovoc|gp_code|group|headwords|history_ind|inr|intranet|ityp|nr_gp_code|process|reference|sntype|stages|statementsstate|title|topics|type|update|vhg_fertig|vhg_fertig_docs|zitation,date|priority|text,24b3f1d8c9612c446711628d91e3bc65,"approvalstate, breadcrumbs, breadcrumbs[].title, breadcrumbs[].url, deleted, doktyp, einlangen, eurovoc"
/gegenstand/XXV/BSE/1,BSE,NR,XXV,mid,B_flat_stages,approvalstate|breadcrumbs|deleted|description|documents|doktyp|einlangen|eurovoc|gp_code|group|headwords|history_ind|inr|intranet|ityp|nr_gp_code|process|reference|sntype|stages|statementsstate|title|topics|type|update|vhg_fertig|vhg_fertig_docs|zitation,date|priority|text,aaf693cb4175786168ef329d0124e3b1,"approvalstate, breadcrumbs, breadcrumbs[].title, breadcrumbs[].url, deleted, description, documents, documents[].documents"
/gegenstand/XXIV/BSE/1,BSE,NR,XXIV,mid,B_flat_stages,approvalstate|breadcrumbs|deleted|description|documents|doktyp|einlangen|eurovoc|gp_code|group|headwords|history_ind|inr|intranet|ityp|nr_gp_code|process|reference|sntype|stages|statementsstate|title|topics|type|update|vhg_fertig|vhg_fertig_docs|zitation,date|priority|text,aaf693cb4175786168ef329d0124e3b1,"approvalstate, breadcrumbs, breadcrumbs[].title, breadcrumbs[].url, deleted, description, documents, documents[].documents"
/gegenstand/XXV/EUD/5,EUD,NR,XXV,mid,B_flat_stages,approvalstate|breadcrumbs|deleted|description|documents|doktyp|einlangen|gp_code|group|history_ind|inr|intranet|ityp|nr_gp_code|process|reference|sntype|stages|statementsstate|title|type|update|vhg_fertig|vhg_fertig_docs|zitation,date|priority|text,ceae3212e6164241090f1c3ea80a2d05,"approvalstate, breadcrumbs, breadcrumbs[].title, breadcrumbs[].url, deleted, description, documents, documents[].documents"
/gegenstand/XXIV/EUD/5,EUD,NR,XXIV,mid,B_flat_stages,approvalstate|breadcrumbs|deleted|description|documents|doktyp|einlangen|gp_code|group|history_ind|inr|intranet|ityp|nr_gp_code|process|reference|sntype|stages|statementsstate|title|type|update|vhg_fertig|vhg_fertig_docs|zitation,date|priority|text,ceae3212e6164241090f1c3ea80a2d05,"approvalstate, breadcrumbs, breadcrumbs[].title, breadcrumbs[].url, deleted, description, documents, documents[].documents"
/gegenstand/XXIV/EUD/2,EUD,NR,XXIV,mid,B_flat_stages,approvalstate|breadcrumbs|deleted|description|documents|doktyp|einlangen|gp_code|group|history_ind|inr|intranet|ityp|nr_gp_code|process|reference|sntype|stages|statementsstate|title|type|update|vhg_fertig|vhg_fertig_docs|zitation,date|priority|text,ceae3212e6164241090f1c3ea80a2d05,"approvalstate, breadcrumbs, breadcrumbs[].title, breadcrumbs[].url, deleted, description, documents, documents[].documents"
/gegenstand/XXV/EUBTG/2029,EUBTG,NR,XXV,mid,B_flat_stages,approvalstate|breadcrumbs|deleted|description|documents|doktyp|einlangen|gp_code|group|history_ind|inr|intranet|ityp|names|nr_gp_code|process|reference|sntype|stages|statementsstate|title|type|update|vhg_fertig|vhg_fertig_docs|zitation,date|priority|text,ae99be4e05fb44628a01cfc6cfd899d9,"approvalstate, breadcrumbs, breadcrumbs[].title, breadcrumbs[].url, deleted, description, documents, documents[].documents"
/gegenstand/XXV/EUBTG/6073,EUBTG,NR,XXV,mid,B_flat_stages,approvalstate|breadcrumbs|deleted|description|documents|doktyp|einlangen|gp_code|group|history_ind|inr|intranet|ityp|names|nr_gp_code|process|reference|sntype|stages|statementsstate|title|type|update|vhg_fertig|vhg_fertig_docs|zitation,date|priority|text,ae99be4e05fb44628a01cfc6cfd899d9,"approvalstate, breadcrumbs, breadcrumbs[].title, breadcrumbs[].url, deleted, description, documents, documents[].documents"
/gegenstand/XXV/EUBTG/6245,EUBTG,NR,XXV,mid,B_flat_stages,approvalstate|breadcrumbs|deleted|description|documents|doktyp|einlangen|gp_code|group|history_ind|inr|intranet|ityp|names|nr_gp_code|process|reference|sntype|stages|statementsstate|title|type|update|vhg_fertig|vhg_fertig_docs|zitation,date|priority|text,ae99be4e05fb44628a01cfc6cfd899d9,"approvalstate, breadcrumbs, breadcrumbs[].title, breadcrumbs[].url, deleted, description, documents, documents[].documents"
/gegenstand/XXIV/BAESM/14,BAESM,NR,XXIV,mid,A_phase_stages,approvalstate|breadcrumbs|deleted|description|documents|doktyp|einlangen|gp_code|group|history_ind|inr|intranet|ityp|nr_gp_code|phase|process|progress|sntype|statementsstate|status|title|type|update|vhg_fertig|vhg_fertig_docs|zitation,date|priority|text,c3f880e09f42cfd320bcff6894a60f77,"approvalstate, breadcrumbs, breadcrumbs[].title, breadcrumbs[].url, deleted, description, documents, documents[].documents"
/gegenstand/XXIV/BAESM/47,BAESM,NR,XXIV,mid,A_phase_stages,approvalstate|breadcrumbs|deleted|description|documents|doktyp|einlangen|gp_code|group|history_ind|inr|intranet|ityp|nr_gp_code|phase|process|progress|sntype|statementsstate|status|title|type|update|vhg_fertig|vhg_fertig_docs|zitation,date|priority|text,c3f880e09f42cfd320bcff6894a60f77,"approvalstate, breadcrumbs, breadcrumbs[].title, breadcrumbs[].url, deleted, description, documents, documents[].documents"
/gegenstand/XXV/BAESM/58,BAESM,NR,XXV,mid,A_phase_stages,approvalstate|breadcrumbs|deleted|description|documents|doktyp|einlangen|eurovoc|gp_code|group|headwords|history_ind|inr|intranet|ityp|names|nr_gp_code|phase|process|progress|reference|sntype|statementsstate|status|title|topics|type|update|vhg_fertig|vhg_fertig_docs|zitation,date|priority|text,9c76601a03706e56909b6b7b15a90a7f,"approvalstate, breadcrumbs, breadcrumbs[].title, breadcrumbs[].url, deleted, description, documents, documents[].documents"
/gegenstand/XXIV/BSESM/1,BSESM,NR,XXIV,mid,B_flat_stages,approvalstate|breadcrumbs|deleted|description|documents|doktyp|einlangen|gp_code|group|history_ind|inr|intranet|ityp|nr_gp_code|process|reference|sntype|stages|statementsstate|title|type|update|vhg_fertig|vhg_fertig_docs|zitation,date|priority|text,ceae3212e6164241090f1c3ea80a2d05,"approvalstate, breadcrumbs, breadcrumbs[].title, breadcrumbs[].url, deleted, description, documents, documents[].documents"
/gegenstand/XXV/BSESM/2,BSESM,NR,XXV,mid,B_flat_stages,approvalstate|breadcrumbs|deleted|description|documents|doktyp|einlangen|gp_code|group|history_ind|inr|intranet|ityp|nr_gp_code|process|reference|sntype|stages|statementsstate|title|type|update|vhg_fertig|vhg_fertig_docs|zitation,date|priority|text,ceae3212e6164241090f1c3ea80a2d05,"approvalstate, breadcrumbs, breadcrumbs[].title, breadcrumbs[].url, deleted, description, documents, documents[].documents"
/gegenstand/XXV/BSESM/3,BSESM,NR,XXV,mid,B_flat_stages,approvalstate|breadcrumbs|deleted|description|documents|doktyp|einlangen|gp_code|group|history_ind|inr|intranet|ityp|nr_gp_code|process|reference|sntype|stages|statementsstate|title|type|update|vhg_fertig|vhg_fertig_docs|zitation,date|priority|text,ceae3212e6164241090f1c3ea80a2d05,"approvalstate, breadcrumbs, breadcrumbs[].title, breadcrumbs[].url, deleted, description, documents, documents[].documents"
/gegenstand/XXIV/SINF/28,SINF,NR,XXIV,mid,B_flat_stages,approvalstate|breadcrumbs|deleted|description|documents|doktyp|einlangen|gp_code|group|history_ind|inr|intranet|ityp|names|nr_gp_code|process|reference|sntype|stages|statementsstate|title|type|update|vhg_fertig|vhg_fertig_docs|zitation,date|priority|text,a846f9d5fb78c320b6183b8b170ae453,"approvalstate, breadcrumbs, breadcrumbs[].title, breadcrumbs[].url, deleted, description, documents, documents[].documents"
/gegenstand/XXIV/SINF/6,SINF,NR,XXIV,mid,B_flat_stages,approvalstate|breadcrumbs|deleted|description|documents|doktyp|einlangen|gp_code|group|history_ind|inr|intranet|ityp|names|nr_gp_code|process|reference|sntype|stages|statementsstate|title|type|update|vhg_fertig|vhg_fertig_docs|zitation,date|priority|text,a846f9d5fb78c320b6183b8b170ae453,"approvalstate, breadcrumbs, breadcrumbs[].title, breadcrumbs[].url, deleted, description, documents, documents[].documents"
/gegenstand/XXIV/SINF/3,SINF,NR,XXIV,mid,B_flat_stages,approvalstate|breadcrumbs|deleted|description|documents|doktyp|einlangen|gp_code|group|history_ind|inr|intranet|ityp|names|nr_gp_code|process|reference|sntype|stages|statementsstate|title|type|update|vhg_fertig|vhg_fertig_docs|zitation,date|priority|text,a846f9d5fb78c320b6183b8b170ae453,"approvalstate, breadcrumbs, breadcrumbs[].title, breadcrumbs[].url, deleted, description, documents, documents[].documents"
/gegenstand/XXV/MTEU/2,MTEU,NR,XXV,mid,B_flat_stages,approvalstate|breadcrumbs|deleted|description|doktyp|einlangen|gp_code|group|history_ind|inr|intranet|ityp|nr_gp_code|process|reference|sntype|stages|statementsstate|title|type|update|vhg_fertig|vhg_fertig_docs|zitation,date|text,ce0c72858933a3e460fb787f8b25706d,"approvalstate, breadcrumbs, breadcrumbs[].title, breadcrumbs[].url, deleted, description, doktyp, einlangen"
/gegenstand/XXIV/MTEU/4,MTEU,NR,XXIV,mid,B_flat_stages,approvalstate|breadcrumbs|deleted|description|documents|doktyp|einlangen|gp_code|group|history_ind|inr|intranet|ityp|nr_gp_code|process|reference|sntype|stages|statementsstate|title|type|update|vhg_fertig|vhg_fertig_docs|zitation,date|text,19951fe63af7aede5514a52074e662bc,"approvalstate, breadcrumbs, breadcrumbs[].title, breadcrumbs[].url, deleted, description, documents, documents[].documents"
/gegenstand/XXIV/MTEU/6,MTEU,NR,XXIV,mid,B_flat_stages,approvalstate|breadcrumbs|deleted|description|documents|doktyp|einlangen|gp_code|group|history_ind|inr|intranet|ityp|nr_gp_code|process|reference|sntype|stages|statementsstate|title|type|update|vhg_fertig|vhg_fertig_docs|zitation,date|text,19951fe63af7aede5514a52074e662bc,"approvalstate, breadcrumbs, breadcrumbs[].title, breadcrumbs[].url, deleted, description, documents, documents[].documents"
/gegenstand/XXIV/MT/1,MT,NR,XXIV,mid,B_flat_stages,approvalstate|breadcrumbs|deleted|description|documents|doktyp|einlangen|gp_code|group|history_ind|inr|intranet|ityp|nr_gp_code|process|reference|sntype|stages|statementsstate|title|type|update|vhg_fertig|vhg_fertig_docs|zitation,date|text,19951fe63af7aede5514a52074e662bc,"approvalstate, breadcrumbs, breadcrumbs[].title, breadcrumbs[].url, deleted, description, documents, documents[].documents"
/gegenstand/XXV/MT/2,MT,NR,XXV,mid,B_flat_stages,approvalstate|breadcrumbs|deleted|description|documents|doktyp|einlangen|gp_code|group|history_ind|inr|intranet|ityp|nr_gp_code|process|reference|sntype|stages|statementsstate|title|type|update|vhg_fertig|vhg_fertig_docs|zitation,date|text,19951fe63af7aede5514a52074e662bc,"approvalstate, breadcrumbs, breadcrumbs[].title, breadcrumbs[].url, deleted, description, documents, documents[].documents"
/gegenstand/XXIV/MT/2,MT,NR,XXIV,mid,B_flat_stages,approvalstate|breadcrumbs|deleted|description|documents|doktyp|einlangen|gp_code|group|history_ind|inr|intranet|ityp|nr_gp_code|process|reference|sntype|stages|statementsstate|title|type|update|vhg_fertig|vhg_fertig_docs|zitation,date|text,19951fe63af7aede5514a52074e662bc,"approvalstate, breadcrumbs, breadcrumbs[].title, breadcrumbs[].url, deleted, description, documents, documents[].documents"
/gegenstand/XXIV/SBEU/1,SBEU,NR,XXIV,mid,B_flat_stages,approvalstate|breadcrumbs|deleted|description|documents|doktyp|einlangen|gp_code|group|history_ind|inr|intranet|ityp|nr_gp_code|process|reference|sntype|stages|statementsstate|title|type|update|vhg_fertig|vhg_fertig_docs|zitation,date|text,19951fe63af7aede5514a52074e662bc,"approvalstate, breadcrumbs, breadcrumbs[].title, breadcrumbs[].url, deleted, description, documents, documents[].documents"
/gegenstand/XXIV/SBEU/2,SBEU,NR,XXIV,mid,B_flat_stages,approvalstate|breadcrumbs|deleted|description|documents|doktyp|einlangen|gp_code|group|history_ind|inr|intranet|ityp|nr_gp_code|process|reference|sntype|stages|statementsstate|title|type|update|vhg_fertig|vhg_fertig_docs|zitation,date|text,19951fe63af7aede5514a52074e662bc,"approvalstate, breadcrumbs, breadcrumbs[].title, breadcrumbs[].url, deleted, description, documents, documents[].documents"
/gegenstand/XXV/SBEU/1,SBEU,NR,XXV,mid,B_flat_stages,approvalstate|breadcrumbs|deleted|description|documents|doktyp|einlangen|gp_code|group|history_ind|inr|intranet|ityp|nr_gp_code|process|reference|sntype|stages|statementsstate|title|type|update|vhg_fertig|vhg_fertig_docs|zitation,date|text,19951fe63af7aede5514a52074e662bc,"approvalstate, breadcrumbs, breadcrumbs[].title, breadcrumbs[].url, deleted, description, documents, documents[].documents"
/gegenstand/XXIV/SNME/4605,SNME,NR,XXIV,mid,B_flat_stages,approvals|approvalstate|approvaltype|breadcrumbs|deleted|description|documents|doktyp|einlangen|gp_code|group|history_ind|inr|intranet|ityp|names|nr_gp_code|process|reference|sntype|stages|statementsstate|title|type|update|vhg_fertig|vhg_fertig_docs|zitation,date|priority|text,9097796fcee493b42e75a2c89658ed72,"approvals, approvals.filter, approvals.filter.data, approvals.filter.rendertype, approvals.new, approvals.reportform, approvals.reportform.data, approvals.reportform.rendertype"
/gegenstand/XXIV/SNME/4339,SNME,NR,XXIV,mid,B_flat_stages,approvals|approvalstate|approvaltype|breadcrumbs|deleted|description|documents|doktyp|einlangen|gp_code|group|history_ind|inr|intranet|ityp|names|nr_gp_code|process|reference|sntype|stages|statementsstate|title|type|update|vhg_fertig|vhg_fertig_docs|zitation,date|priority|text,9097796fcee493b42e75a2c89658ed72,"approvals, approvals.filter, approvals.filter.data, approvals.filter.rendertype, approvals.new, approvals.reportform, approvals.reportform.data, approvals.reportform.rendertype"
/gegenstand/BR/AS-BR/30,AS-BR,BR,XXV,mid,B_flat_stages,approvalstate|breadcrumbs|deleted|description|doktyp|einlangen|eurovoc|gp_code|group|headwords|history_ind|inr|intranet|ityp|names|nr_gp_code|process|sntype|stages|statementsstate|title|topics|type|update|vhg_fertig|vhg_fertig_docs|zitation,date|fsth|priority|reden|text,788160c1c8bfbdcbf347c65c91f36937,"approvalstate, breadcrumbs, breadcrumbs[].title, breadcrumbs[].url, deleted, description, doktyp, einlangen"
/gegenstand/BR/AS-BR/9,AS-BR,BR,XXIV,mid,B_flat_stages,approvalstate|breadcrumbs|deleted|description|doktyp|einlangen|eurovoc|gp_code|group|headwords|history_ind|inr|intranet|ityp|names|nr_gp_code|process|sntype|stages|statementsstate|title|topics|type|update|vhg_fertig|vhg_fertig_docs|zitation,date|fsth|priority|reden|text,1325a43b7e2899f122dd77812fb8bc47,"approvalstate, breadcrumbs, breadcrumbs[].title, breadcrumbs[].url, deleted, description, doktyp, einlangen"
/gegenstand/BR/AS-BR/53,AS-BR,BR,XXV,mid,B_flat_stages,approvalstate|breadcrumbs|deleted|description|doktyp|einlangen|eurovoc|gp_code|group|headwords|history_ind|inr|intranet|ityp|names|nr_gp_code|process|sntype|stages|statementsstate|title|topics|type|update|vhg_fertig|vhg_fertig_docs|zitation,date|fsth|priority|reden|text,1325a43b7e2899f122dd77812fb8bc47,"approvalstate, breadcrumbs, breadcrumbs[].title, breadcrumbs[].url, deleted, description, doktyp, einlangen"
/gegenstand/BR/EUD-BR/50,EUD-BR,BR,XXV,mid,B_flat_stages,approvalstate|breadcrumbs|deleted|description|documents|doktyp|einlangen|gp_code|group|history_ind|inr|intranet|ityp|nr_gp_code|process|reference|sntype|stages|statementsstate|title|type|update|vhg_fertig|vhg_fertig_docs|zitation,date|priority|text,ceae3212e6164241090f1c3ea80a2d05,"approvalstate, breadcrumbs, breadcrumbs[].title, breadcrumbs[].url, deleted, description, documents, documents[].documents"
/gegenstand/BR/EUD-BR/30,EUD-BR,BR,XXIV,mid,B_flat_stages,approvalstate|breadcrumbs|deleted|description|documents|doktyp|einlangen|gp_code|group|history_ind|inr|intranet|ityp|nr_gp_code|process|reference|sntype|stages|statementsstate|title|type|update|vhg_fertig|vhg_fertig_docs|zitation,date|priority|text,ceae3212e6164241090f1c3ea80a2d05,"approvalstate, breadcrumbs, breadcrumbs[].title, breadcrumbs[].url, deleted, description, documents, documents[].documents"
/gegenstand/BR/EUD-BR/2,EUD-BR,BR,XXIV,mid,B_flat_stages,approvalstate|breadcrumbs|deleted|description|documents|doktyp|einlangen|gp_code|group|history_ind|inr|intranet|ityp|nr_gp_code|process|reference|sntype|stages|statementsstate|title|type|update|vhg_fertig|vhg_fertig_docs|zitation,date|priority|text,ceae3212e6164241090f1c3ea80a2d05,"approvalstate, breadcrumbs, breadcrumbs[].title, breadcrumbs[].url, deleted, description, documents, documents[].documents"
/gegenstand/BR/SBPL-BR/1,SBPL-BR,BR,XXIV,mid,B_flat_stages,approvalstate|breadcrumbs|deleted|documents|doktyp|einlangen|gp_code|group|history_ind|inr|intranet|ityp|nr_gp_code|process|reference|sntype|stages|statementsstate|title|type|update|vhg_fertig|vhg_fertig_docs|zitation,date|text,2ea4b40d08ad438faa1def891482f794,"approvalstate, breadcrumbs, breadcrumbs[].title, breadcrumbs[].url, deleted, documents, documents[].documents, documents[].documents[].link"
/gegenstand/BR/GAST-BR/1,GAST-BR,BR,XXIV,mid,B_flat_stages,approvalstate|breadcrumbs|deleted|description|doktyp|einlangen|eurovoc|gp_code|group|headwords|history_ind|inr|intranet|ityp|names|nr_gp_code|process|reference|sntype|stages|statementsstate|title|topics|type|update|vhg_fertig|vhg_fertig_docs|zitation,date|fsth|priority|text,ad059d9dccf269ce6cc444addb47a633,"approvalstate, breadcrumbs, breadcrumbs[].title, breadcrumbs[].url, deleted, description, doktyp, einlangen"
/gegenstand/BR/GAST-BR/2,GAST-BR,BR,XXV,mid,B_flat_stages,approvalstate|breadcrumbs|deleted|description|doktyp|einlangen|eurovoc|gp_code|group|headwords|history_ind|inr|intranet|ityp|names|nr_gp_code|process|sntype|stages|statementsstate|title|topics|type|update|vhg_fertig|vhg_fertig_docs|zitation,date|fsth|priority|text,cea127a8be39a7a2cc6e01d45119532d,"approvalstate, breadcrumbs, breadcrumbs[].title, breadcrumbs[].url, deleted, description, doktyp, einlangen"
/gegenstand/BR/GAST-BR/3,GAST-BR,BR,XXV,mid,B_flat_stages,approvalstate|breadcrumbs|deleted|description|doktyp|einlangen|eurovoc|gp_code|group|headwords|history_ind|inr|intranet|ityp|nr_gp_code|process|reference|sntype|stages|statementsstate|title|topics|type|update|vhg_fertig|vhg_fertig_docs|zitation,date|fsth|priority|text,f0a6b83e2f7269bb47214a804b9233b9,"approvalstate, breadcrumbs, breadcrumbs[].title, breadcrumbs[].url, deleted, description, doktyp, einlangen"
/gegenstand/BR/SINF-BR/174,SINF-BR,BR,XXV,mid,B_flat_stages,approvalstate|breadcrumbs|deleted|description|documents|doktyp|einlangen|gp_code|group|history_ind|inr|intranet|ityp|names|nr_gp_code|process|reference|sntype|stages|statementsstate|title|type|update|vhg_fertig|vhg_fertig_docs|zitation,date|priority|text,a846f9d5fb78c320b6183b8b170ae453,"approvalstate, breadcrumbs, breadcrumbs[].title, breadcrumbs[].url, deleted, description, documents, documents[].documents"
/gegenstand/BR/SINF-BR/184,SINF-BR,BR,XXV,mid,B_flat_stages,approvalstate|breadcrumbs|deleted|description|documents|doktyp|einlangen|gp_code|group|history_ind|inr|intranet|ityp|names|nr_gp_code|process|reference|sntype|stages|statementsstate|title|type|update|vhg_fertig|vhg_fertig_docs|zitation,date|priority|text,a846f9d5fb78c320b6183b8b170ae453,"approvalstate, breadcrumbs, breadcrumbs[].title, breadcrumbs[].url, deleted, description, documents, documents[].documents"
/gegenstand/BR/SINF-BR/157,SINF-BR,BR,XXV,mid,B_flat_stages,approvalstate|breadcrumbs|deleted|description|documents|doktyp|einlangen|gp_code|group|history_ind|inr|intranet|ityp|names|nr_gp_code|process|reference|sntype|stages|statementsstate|title|type|update|vhg_fertig|vhg_fertig_docs|zitation,date|priority|text,a846f9d5fb78c320b6183b8b170ae453,"approvalstate, breadcrumbs, breadcrumbs[].title, breadcrumbs[].url, deleted, description, documents, documents[].documents"
/gegenstand/BR/SB-BR/13,SB-BR,BR,XXV,mid,B_flat_stages,approvalstate|breadcrumbs|deleted|description|documents|doktyp|einlangen|gp_code|group|history_ind|inr|intranet|ityp|nr_gp_code|process|reference|sntype|stages|statementsstate|title|type|update|vhg_fertig|vhg_fertig_docs|zitation,date|text,19951fe63af7aede5514a52074e662bc,"approvalstate, breadcrumbs, breadcrumbs[].title, breadcrumbs[].url, deleted, description, documents, documents[].documents"
/gegenstand/BR/SB-BR/21,SB-BR,BR,XXV,mid,B_flat_stages,approvalstate|breadcrumbs|deleted|description|documents|doktyp|einlangen|gp_code|group|history_ind|inr|intranet|ityp|nr_gp_code|process|reference|sntype|stages|statementsstate|title|type|update|vhg_fertig|vhg_fertig_docs|zitation,date|text,19951fe63af7aede5514a52074e662bc,"approvalstate, breadcrumbs, breadcrumbs[].title, breadcrumbs[].url, deleted, description, documents, documents[].documents"
/gegenstand/BR/SB-BR/12,SB-BR,BR,XXV,mid,B_flat_stages,approvalstate|breadcrumbs|deleted|description|documents|doktyp|einlangen|gp_code|group|history_ind|inr|intranet|ityp|nr_gp_code|process|reference|sntype|stages|statementsstate|title|type|update|vhg_fertig|vhg_fertig_docs|zitation,date|text,19951fe63af7aede5514a52074e662bc,"approvalstate, breadcrumbs, breadcrumbs[].title, breadcrumbs[].url, deleted, description, documents, documents[].documents"
/gegenstand/BR/MT-BR/25,MT-BR,BR,XXV,mid,B_flat_stages,approvalstate|breadcrumbs|deleted|description|doktyp|einlangen|gp_code|group|history_ind|inr|intranet|ityp|nr_gp_code|process|reference|sntype|stages|statementsstate|title|type|update|vhg_fertig|vhg_fertig_docs|zitation,date|text,ce0c72858933a3e460fb787f8b25706d,"approvalstate, breadcrumbs, breadcrumbs[].title, breadcrumbs[].url, deleted, description, doktyp, einlangen"
/gegenstand/BR/MT-BR/7,MT-BR,BR,XXIV,mid,B_flat_stages,approvalstate|breadcrumbs|deleted|description|documents|doktyp|einlangen|gp_code|group|history_ind|inr|intranet|ityp|nr_gp_code|process|reference|sntype|stages|statementsstate|title|type|update|vhg_fertig|vhg_fertig_docs|zitation,date|text,19951fe63af7aede5514a52074e662bc,"approvalstate, breadcrumbs, breadcrumbs[].title, breadcrumbs[].url, deleted, description, documents, documents[].documents"
/gegenstand/BR/MT-BR/34,MT-BR,BR,XXV,mid,B_flat_stages,approvalstate|breadcrumbs|deleted|description|documents|doktyp|einlangen|gp_code|group|history_ind|inr|intranet|ityp|nr_gp_code|process|reference|sntype|stages|statementsstate|title|type|update|vhg_fertig|vhg_fertig_docs|zitation,date|text,19951fe63af7aede5514a52074e662bc,"approvalstate, breadcrumbs, breadcrumbs[].title, breadcrumbs[].url, deleted, description, documents, documents[].documents"
/gegenstand/BR/AFEU-BR/1,AFEU-BR,BR,XXIV,mid,B_flat_stages,approvalstate|breadcrumbs|deleted|description|documents|doktyp|einlangen|gp_code|group|history_ind|inr|intranet|ityp|nr_gp_code|process|reference|sntype|stages|statementsstate|title|type|update|vhg_fertig|vhg_fertig_docs|zitation,date|text,19951fe63af7aede5514a52074e662bc,"approvalstate, breadcrumbs, breadcrumbs[].title, breadcrumbs[].url, deleted, description, documents, documents[].documents"
/gegenstand/BR/AFEU-BR/3,AFEU-BR,BR,XXIV,mid,B_flat_stages,approvalstate|breadcrumbs|deleted|description|documents|doktyp|einlangen|gp_code|group|history_ind|inr|intranet|ityp|nr_gp_code|process|reference|sntype|stages|statementsstate|title|type|update|vhg_fertig|vhg_fertig_docs|zitation,date|text,19951fe63af7aede5514a52074e662bc,"approvalstate, breadcrumbs, breadcrumbs[].title, breadcrumbs[].url, deleted, description, documents, documents[].documents"
/gegenstand/BR/AFEU-BR/7,AFEU-BR,BR,XXIV,mid,B_flat_stages,approvalstate|breadcrumbs|deleted|description|documents|doktyp|einlangen|gp_code|group|history_ind|inr|intranet|ityp|nr_gp_code|process|reference|sntype|stages|statementsstate|title|type|update|vhg_fertig|vhg_fertig_docs|zitation,date|text,19951fe63af7aede5514a52074e662bc,"approvalstate, breadcrumbs, breadcrumbs[].title, breadcrumbs[].url, deleted, description, documents, documents[].documents"
/gegenstand/BR/SLT-BR/14,SLT-BR,BR,XXIV,mid,B_flat_stages,approvalstate|breadcrumbs|deleted|documents|doktyp|einlangen|gp_code|group|history_ind|inr|intranet|ityp|nr_gp_code|process|reference|sntype|stages|statementsstate|title|type|update|vhg_fertig|vhg_fertig_docs|zitation,date|priority|text,a867cda4cde3d4321f9f782cacd7b14b,"approvalstate, breadcrumbs, breadcrumbs[].title, breadcrumbs[].url, deleted, documents, documents[].documents, documents[].documents[].link"
/gegenstand/BR/SLT-BR/5,SLT-BR,BR,XXIV,mid,B_flat_stages,approvalstate|breadcrumbs|deleted|documents|doktyp|einlangen|gp_code|group|history_ind|inr|intranet|ityp|nr_gp_code|process|reference|sntype|stages|statementsstate|title|type|update|vhg_fertig|vhg_fertig_docs|zitation,date|priority|text,a867cda4cde3d4321f9f782cacd7b14b,"approvalstate, breadcrumbs, breadcrumbs[].title, breadcrumbs[].url, deleted, documents, documents[].documents, documents[].documents[].link"
/gegenstand/BR/SLT-BR/11,SLT-BR,BR,XXIV,mid,B_flat_stages,approvalstate|breadcrumbs|deleted|documents|doktyp|einlangen|gp_code|group|history_ind|inr|intranet|ityp|nr_gp_code|process|reference|sntype|stages|statementsstate|title|type|update|vhg_fertig|vhg_fertig_docs|zitation,date|priority|text,a867cda4cde3d4321f9f782cacd7b14b,"approvalstate, breadcrumbs, breadcrumbs[].title, breadcrumbs[].url, deleted, documents, documents[].documents, documents[].documents[].link"
/gegenstand/XXV/AUA/187,AUA,NR,XXV,mid,B_flat_stages,approvalstate|breadcrumbs|deleted|description|doktyp|einlangen|eurovoc|gp_code|group|headwords|history_ind|inr|intranet|ityp|nr_gp_code|process|reference|sntype|stages|statements|statementsstate|title|topics|type|update|vhg_fertig|vhg_fertig_docs|zitation,date|text,1e413a6811ebe1028ef4086d341c51c0,"approvalstate, breadcrumbs, breadcrumbs[].title, breadcrumbs[].url, deleted, description, doktyp, einlangen"
/gegenstand/XXV/AUA/249,AUA,NR,XXV,mid,B_flat_stages,approvalstate|breadcrumbs|deleted|description|doktyp|einlangen|eurovoc|gp_code|group|headwords|history_ind|inr|intranet|ityp|nr_gp_code|process|reference|sntype|stages|statements|statementsstate|title|topics|type|update|vhg_fertig|vhg_fertig_docs|zitation,date|text,1e413a6811ebe1028ef4086d341c51c0,"approvalstate, breadcrumbs, breadcrumbs[].title, breadcrumbs[].url, deleted, description, doktyp, einlangen"
/gegenstand/XXV/AUA/131,AUA,NR,XXV,mid,B_flat_stages,approvalstate|breadcrumbs|deleted|description|doktyp|einlangen|eurovoc|gp_code|group|headwords|history_ind|inr|intranet|ityp|nr_gp_code|process|reference|sntype|stages|statements|statementsstate|title|topics|type|update|vhg_fertig|vhg_fertig_docs|zitation,date|text,1e413a6811ebe1028ef4086d341c51c0,"approvalstate, breadcrumbs, breadcrumbs[].title, breadcrumbs[].url, deleted, description, doktyp, einlangen"
/gegenstand/XXV/ABEU/3,ABEU,NR,XXV,mid,B_flat_stages,approvalstate|breadcrumbs|deleted|description|documents|doktyp|einlangen|eurovoc|gp_code|group|headwords|history_ind|inr|intranet|ityp|names|nr_gp_code|process|reference|sntype|stages|statementsstate|title|topics|type|update|vhg_fertig|vhg_fertig_docs|zitation,date|priority|text,ce96c54823282b274bf9095f5f468fab,"approvalstate, breadcrumbs, breadcrumbs[].title, breadcrumbs[].url, deleted, description, documents, documents[].documents"
/gegenstand/XXV/ABEU/5,ABEU,NR,XXV,mid,B_flat_stages,approvalstate|breadcrumbs|deleted|description|documents|doktyp|einlangen|eurovoc|gp_code|group|headwords|history_ind|inr|intranet|ityp|names|nr_gp_code|process|reference|sntype|stages|statementsstate|title|topics|type|update|vhg_fertig|vhg_fertig_docs|zitation,date|priority|text,ce96c54823282b274bf9095f5f468fab,"approvalstate, breadcrumbs, breadcrumbs[].title, breadcrumbs[].url, deleted, description, documents, documents[].documents"
/gegenstand/XXV/ABEU/2,ABEU,NR,XXV,mid,B_flat_stages,approvalstate|breadcrumbs|deleted|description|documents|doktyp|einlangen|eurovoc|gp_code|group|headwords|history_ind|inr|intranet|ityp|names|nr_gp_code|process|reference|sntype|stages|statementsstate|title|topics|type|update|vhg_fertig|vhg_fertig_docs|zitation,date|priority|text,153d8aaa60a4cbfc5036f0476d696396,"approvalstate, breadcrumbs, breadcrumbs[].title, breadcrumbs[].url, deleted, description, documents, documents[].documents"
/gegenstand/XXV/JEU/3,JEU,NR,XXV,mid,B_flat_stages,approvalstate|breadcrumbs|deleted|description|documents|doktyp|einlangen|eurovoc|gp_code|group|headwords|history_ind|inr|intranet|ityp|names|nr_gp_code|process|reference|sntype|stages|statementsstate|title|topics|type|update|vhg_fertig|vhg_fertig_docs|zitation,date|priority|text,b006733e83bd5f94991be1193ce8870c,"approvalstate, breadcrumbs, breadcrumbs[].title, breadcrumbs[].url, deleted, description, documents, documents[].documents"
/gegenstand/XXV/JEU/1,JEU,NR,XXV,mid,B_flat_stages,approvalstate|breadcrumbs|deleted|description|documents|doktyp|einlangen|eurovoc|gp_code|group|headwords|history_ind|inr|intranet|ityp|names|nr_gp_code|process|reference|sntype|stages|statementsstate|title|topics|type|update|vhg_fertig|vhg_fertig_docs|zitation,date|priority|text,b006733e83bd5f94991be1193ce8870c,"approvalstate, breadcrumbs, breadcrumbs[].title, breadcrumbs[].url, deleted, description, documents, documents[].documents"
/gegenstand/XXV/JEU/2,JEU,NR,XXV,mid,B_flat_stages,approvalstate|breadcrumbs|deleted|description|documents|doktyp|einlangen|eurovoc|gp_code|group|headwords|history_ind|inr|intranet|ityp|names|nr_gp_code|process|sntype|stages|statementsstate|title|topics|type|update|vhg_fertig|vhg_fertig_docs|zitation,date|priority|text,7ce88e0e0073fd7473d8a0b88b6a514a,"approvalstate, breadcrumbs, breadcrumbs[].title, breadcrumbs[].url, deleted, description, documents, documents[].documents"
/gegenstand/XXV/FVUS/3,FVUS,NR,XXV,mid,B_flat_stages,approvalstate|breadcrumbs|deleted|description|documents|doktyp|einlangen|gp_code|group|history_ind|inr|intranet|ityp|nr_gp_code|process|reference|sntype|stages|statementsstate|title|type|update|vhg_fertig|vhg_fertig_docs|zitation,date|priority|text,ceae3212e6164241090f1c3ea80a2d05,"approvalstate, breadcrumbs, breadcrumbs[].title, breadcrumbs[].url, deleted, description, documents, documents[].documents"
/gegenstand/XXV/FVUS/2,FVUS,NR,XXV,mid,B_flat_stages,approvalstate|breadcrumbs|deleted|description|documents|doktyp|einlangen|gp_code|group|history_ind|inr|intranet|ityp|nr_gp_code|process|reference|sntype|stages|statementsstate|title|type|update|vhg_fertig|vhg_fertig_docs|zitation,date|priority|text,ceae3212e6164241090f1c3ea80a2d05,"approvalstate, breadcrumbs, breadcrumbs[].title, breadcrumbs[].url, deleted, description, documents, documents[].documents"
/gegenstand/XXV/FVUS/1,FVUS,NR,XXV,mid,B_flat_stages,approvalstate|breadcrumbs|deleted|description|documents|doktyp|einlangen|gp_code|group|history_ind|inr|intranet|ityp|nr_gp_code|process|reference|sntype|stages|statementsstate|title|type|update|vhg_fertig|vhg_fertig_docs|zitation,date|priority|text,ceae3212e6164241090f1c3ea80a2d05,"approvalstate, breadcrumbs, breadcrumbs[].title, breadcrumbs[].url, deleted, description, documents, documents[].documents"
/gegenstand/XXV/US/3,US,NR,XXV,mid,A_phase_stages,approvalstate|breadcrumbs|correspondence|deleted|description|documents|doktyp|einlangen|eurovoc|gp_code|group|headwords|history_ind|inr|intranet|ityp|names|nr_gp_code|phase|process|progress|sntype|statementsstate|status|title|topics|type|update|vhg_fertig|vhg_fertig_docs|zitation,date|fsth|priority|text,c211e3d557495b892d266af0f1d1188c,"approvalstate, breadcrumbs, breadcrumbs[].title, breadcrumbs[].url, correspondence, correspondence[].additional, correspondence[].date, correspondence[].title"
/gegenstand/XXV/US/1,US,NR,XXV,mid,A_phase_stages,approvalstate|breadcrumbs|correspondence|deleted|description|documents|doktyp|einlangen|eurovoc|gp_code|group|headwords|history_ind|inr|intranet|ityp|names|nr_gp_code|phase|process|progress|reference|sntype|statementsstate|status|title|topics|type|update|vhg_fertig|vhg_fertig_docs|zitation,date|fsth|text,be73f843535d082da7fe4539e52dc9bf,"approvalstate, breadcrumbs, breadcrumbs[].title, breadcrumbs[].url, correspondence, correspondence[].additional, correspondence[].date, correspondence[].title"
/gegenstand/XXV/US/2,US,NR,XXV,mid,A_phase_stages,approvalstate|breadcrumbs|correspondence|deleted|description|documents|doktyp|einlangen|eurovoc|gp_code|group|headwords|history_ind|inr|intranet|ityp|names|nr_gp_code|phase|process|progress|sntype|statementsstate|status|title|topics|type|update|vhg_fertig|vhg_fertig_docs|zitation,date|fsth|priority|text,5bfcac425bc0e8c8f64aa226749934b9,"approvalstate, breadcrumbs, breadcrumbs[].title, breadcrumbs[].url, correspondence, correspondence[].additional, correspondence[].date, correspondence[].title"
/gegenstand/XXV/GAST/1,GAST,NR,XXV,mid,B_flat_stages,approvalstate|breadcrumbs|deleted|description|doktyp|einlangen|eurovoc|gp_code|group|headwords|history_ind|inr|intranet|ityp|nr_gp_code|process|sntype|stages|statementsstate|title|topics|type|update|vhg_fertig|vhg_fertig_docs|zitation,date|fsth|priority|reden|text,ddaed47d57007b93cb1abd4f507821df,"approvalstate, breadcrumbs, breadcrumbs[].title, breadcrumbs[].url, deleted, description, doktyp, einlangen"
/gegenstand/BR/BS-BR/2,BS-BR,BR,XXV,mid,B_flat_stages,approvalstate|breadcrumbs|deleted|description|doktyp|einlangen|eurovoc|gp_code|group|headwords|history_ind|inr|intranet|ityp|nr_gp_code|process|reference|sntype|stages|statementsstate|title|topics|type|update|vhg_fertig|vhg_fertig_docs|zitation,date|priority|text,f0a6b83e2f7269bb47214a804b9233b9,"approvalstate, breadcrumbs, breadcrumbs[].title, breadcrumbs[].url, deleted, description, doktyp, einlangen"
/gegenstand/BR/BS-BR/3,BS-BR,BR,XXV,mid,B_flat_stages,approvalstate|breadcrumbs|deleted|description|doktyp|einlangen|eurovoc|gp_code|group|headwords|history_ind|inr|intranet|ityp|nr_gp_code|process|reference|sntype|stages|statementsstate|title|topics|type|update|vhg_fertig|vhg_fertig_docs|zitation,date|priority|text,f0a6b83e2f7269bb47214a804b9233b9,"approvalstate, breadcrumbs, breadcrumbs[].title, breadcrumbs[].url, deleted, description, doktyp, einlangen"
/gegenstand/BR/BS-BR/1,BS-BR,BR,XXV,mid,B_flat_stages,approvalstate|breadcrumbs|deleted|description|doktyp|einlangen|eurovoc|gp_code|group|headwords|history_ind|inr|intranet|ityp|nr_gp_code|process|reference|sntype|stages|statementsstate|title|topics|type|update|vhg_fertig|vhg_fertig_docs|zitation,date|priority|text,f0a6b83e2f7269bb47214a804b9233b9,"approvalstate, breadcrumbs, breadcrumbs[].title, breadcrumbs[].url, deleted, description, doktyp, einlangen"
/gegenstand/BR/MTPL-BR/1,MTPL-BR,BR,XXV,mid,B_flat_stages,approvalstate|breadcrumbs|deleted|description|documents|doktyp|einlangen|gp_code|group|history_ind|inr|intranet|ityp|nr_gp_code|process|reference|sntype|stages|statementsstate|title|type|update|vhg_fertig|vhg_fertig_docs|zitation,date|text,19951fe63af7aede5514a52074e662bc,"approvalstate, breadcrumbs, breadcrumbs[].title, breadcrumbs[].url, deleted, description, documents, documents[].documents"
/gegenstand/BR/V-BR/1,V-BR,BR,XXV,mid,A_phase_stages,approvalstate|breadcrumbs|deleted|description|documents|doktyp|einlangen|gp_code|group|history_ind|inr|intranet|ityp|nr_gp_code|phase|process|progress|reference|sntype|statementsstate|status|stdocuments|title|type|update|vhg_fertig|vhg_fertig_docs|zitation,date|priority|text,8e241629dab9aa67caca132ca57d9d26,"approvalstate, breadcrumbs, breadcrumbs[].title, breadcrumbs[].url, deleted, description, documents, documents[].documents"
/gegenstand/XXVII/VER/262,VER,NR,XXVII,recent,B_flat_stages,approvalstate|breadcrumbs|deleted|documents|doktyp|einlangen|gp_code|group|history_ind|inr|intranet|ityp|names|nr_gp_code|process|sntype|stages|statementsstate|title|type|update|vhg_fertig|vhg_fertig_docs|zitation,date|priority|text,760ace88476c6db44bc10ae5f96b8c4c,"approvalstate, breadcrumbs, breadcrumbs[].title, breadcrumbs[].url, deleted, documents, documents[].documents, documents[].documents[].link"
/gegenstand/XXVI/VER/1,VER,NR,XXVI,recent,B_flat_stages,agenda|approvalstate|breadcrumbs|correspondence|deleted|description|documents|doktyp|einlangen|eurovoc|gp_code|group|headwords|history_ind|inr|intranet|ityp|nr_gp_code|process|reference|sntype|stages|statementsstate|stdocuments|title|topics|type|update|vhg_fertig|vhg_fertig_docs|zitation,date|priority|text,46c534a1fca30ffa480c01143bb094ca,"agenda, agenda[].documents, agenda[].documents[].link, agenda[].documents[].type, agenda[].title, approvalstate, breadcrumbs, breadcrumbs[].title"
/gegenstand/XXVI/VER/7,VER,NR,XXVI,recent,B_flat_stages,approvalstate|breadcrumbs|deleted|description|doktyp|einlangen|eurovoc|gp_code|group|headwords|history_ind|inr|intranet|ityp|names|nr_gp_code|process|reference|sntype|stages|statementsstate|title|topics|type|update|vhg_fertig|vhg_fertig_docs|zitation,date|fsth|priority|text,8615daa86f38bf4384cfcd95a824035d,"approvalstate, breadcrumbs, breadcrumbs[].title, breadcrumbs[].url, deleted, description, doktyp, einlangen"
/gegenstand/XXVII/UEA/1014,UEA,NR,XXVII,recent,B_flat_stages,approvalstate|breadcrumbs|deleted|description|documents|doktyp|einlangen|eurovoc|gp_code|group|headwords|history_ind|inr|intranet|ityp|names|nr_gp_code|process|reference|sntype|stages|statementsstate|title|topics|type|update|vhg_fertig|vhg_fertig_docs|zitation,date|fsth|priority|text,14897dca9351302e7d33d93696ce7c57,"approvalstate, breadcrumbs, breadcrumbs[].title, breadcrumbs[].url, deleted, description, documents, documents[].documents"
/gegenstand/XXVII/UEA/1266,UEA,NR,XXVII,recent,B_flat_stages,approvalstate|breadcrumbs|deleted|description|documents|doktyp|einlangen|eurovoc|gp_code|group|headwords|history_ind|inr|intranet|ityp|names|nr_gp_code|process|reference|sntype|stages|statementsstate|title|topics|type|update|vhg_fertig|vhg_fertig_docs|zitation,date|fsth|priority|text,cac09fed20dd739ac88ed90a13c8f8c2,"approvalstate, breadcrumbs, breadcrumbs[].title, breadcrumbs[].url, deleted, description, documents, documents[].documents"
/gegenstand/XXVII/UEA/474,UEA,NR,XXVII,recent,B_flat_stages,approvalstate|breadcrumbs|deleted|description|documents|doktyp|einlangen|eurovoc|gp_code|group|headwords|history_ind|inr|intranet|ityp|names|nr_gp_code|process|reference|sntype|stages|statementsstate|title|topics|type|update|vhg_fertig|vhg_fertig_docs|zitation,date|fsth|priority|text,cac09fed20dd739ac88ed90a13c8f8c2,"approvalstate, breadcrumbs, breadcrumbs[].title, breadcrumbs[].url, deleted, description, documents, documents[].documents"
/gegenstand/XXVII/AEA/7,AEA,NR,XXVII,recent,B_flat_stages,approvalstate|breadcrumbs|deleted|description|doktyp|einlangen|eurovoc|gp_code|group|headwords|history_ind|inr|intranet|ityp|names|nr_gp_code|process|reference|sntype|stages|statementsstate|title|topics|type|update|vhg_fertig|vhg_fertig_docs|zitation,date|fsth|priority|text,42e07a2fd5b9da4b200099c8d6b54608,"approvalstate, breadcrumbs, breadcrumbs[].title, breadcrumbs[].url, deleted, description, doktyp, einlangen"
/gegenstand/XXVII/AEA/34,AEA,NR,XXVII,recent,B_flat_stages,approvalstate|breadcrumbs|deleted|description|doktyp|einlangen|eurovoc|gp_code|group|headwords|history_ind|inr|intranet|ityp|names|nr_gp_code|process|reference|sntype|stages|statementsstate|title|topics|type|update|vhg_fertig|vhg_fertig_docs|zitation,date|fsth|priority|reden|text,e9e15a738443c7171f010aa1b9919ca2,"approvalstate, breadcrumbs, breadcrumbs[].title, breadcrumbs[].url, deleted, description, doktyp, einlangen"
/gegenstand/XXVI/AEA/2,AEA,NR,XXVI,recent,B_flat_stages,approvalstate|breadcrumbs|deleted|description|doktyp|einlangen|eurovoc|gp_code|group|headwords|history_ind|inr|intranet|ityp|names|nr_gp_code|process|reference|sntype|stages|statementsstate|title|topics|type|update|vhg_fertig|vhg_fertig_docs|zitation,date|fsth|priority|text,42e07a2fd5b9da4b200099c8d6b54608,"approvalstate, breadcrumbs, breadcrumbs[].title, breadcrumbs[].url, deleted, description, doktyp, einlangen"
/gegenstand/XXVIII/A/561,A,NR,XXVIII,recent,A_phase_stages,approvalstate|breadcrumbs|correspondence|deleted|description|documents|doktyp|einlangen|eurovoc|gp_code|group|headwords|history_ind|inr|intranet|ityp|names|nr_gp_code|phase|process|progress|sntype|statements|statementsstate|status|title|topics|type|update|vhg_fertig|vhg_fertig_docs|vote|zitation,date|fsth|priority|text,3ee034e8ee08227e7519bf796556142a,"approvalstate, breadcrumbs, breadcrumbs[].title, breadcrumbs[].url, correspondence, correspondence[].additional, correspondence[].date, correspondence[].title"
/gegenstand/XXVII/A/3801,A,NR,XXVII,recent,A_phase_stages,approvalstate|breadcrumbs|correspondence|deleted|description|documents|doktyp|einlangen|eurovoc|gp_code|group|headwords|history_ind|inr|intranet|ityp|names|nr_gp_code|phase|process|progress|sntype|statementsstate|status|title|topics|type|update|vhg_fertig|vhg_fertig_docs|zitation,date|priority|text,3ad8ed3c1d4db769efe1f911da0f2228,"approvalstate, breadcrumbs, breadcrumbs[].title, breadcrumbs[].url, correspondence, correspondence[].additional, correspondence[].date, correspondence[].title"
/gegenstand/XXVI/A/56,A,NR,XXVI,recent,A_phase_stages,approvalstate|breadcrumbs|correspondence|deleted|description|documents|doktyp|einlangen|eurovoc|gp_code|group|headwords|history_ind|inr|intranet|ityp|names|nr_gp_code|phase|process|progress|reference|sntype|statements|statementsstate|status|title|topics|type|update|vhg_fertig|vhg_fertig_docs|zitation,date|priority|text,8d3c9e303a3cc98bd2bfb68f1fca37ab,"approvalstate, breadcrumbs, breadcrumbs[].title, breadcrumbs[].url, correspondence, correspondence[].additional, correspondence[].date, correspondence[].title"
/gegenstand/XXVII/GO/1465,GO,NR,XXVII,recent,B_flat_stages,approvalstate|breadcrumbs|deleted|doktyp|einlangen|eurovoc|gp_code|group|headwords|history_ind|inr|intranet|ityp|names|nr_gp_code|process|reference|sntype|stages|statementsstate|title|topics|type|update|vhg_fertig|vhg_fertig_docs|zitation,date|fsth|priority|text,97d1c8a1f287421e147fd15cd1b135c1,"approvalstate, breadcrumbs, breadcrumbs[].title, breadcrumbs[].url, deleted, doktyp, einlangen, eurovoc"
/gegenstand/XXVIII/GO/543,GO,NR,XXVIII,recent,B_flat_stages,approvalstate|breadcrumbs|deleted|description|doktyp|einlangen|eurovoc|gp_code|group|headwords|history_ind|inr|intranet|ityp|names|nr_gp_code|process|reference|sntype|stages|statementsstate|title|topics|type|update|vhg_fertig|vhg_fertig_docs|zitation,date|fsth|text,92a04aa05f536331984f7793a400d01a,"approvalstate, breadcrumbs, breadcrumbs[].title, breadcrumbs[].url, deleted, description, doktyp, einlangen"
/gegenstand/XXVI/GO/208,GO,NR,XXVI,recent,B_flat_stages,approvalstate|breadcrumbs|deleted|description|doktyp|einlangen|eurovoc|gp_code|group|headwords|history_ind|inr|intranet|ityp|names|nr_gp_code|process|reference|sntype|stages|statementsstate|title|topics|type|update|vhg_fertig|vhg_fertig_docs|zitation,date|fsth|priority|text,8615daa86f38bf4384cfcd95a824035d,"approvalstate, breadcrumbs, breadcrumbs[].title, breadcrumbs[].url, deleted, description, doktyp, einlangen"
/gegenstand/XXVII/RGER/25,RGER,NR,XXVII,recent,B_flat_stages,approvalstate|breadcrumbs|deleted|description|doktyp|einlangen|eurovoc|gp_code|group|headwords|history_ind|inr|intranet|ityp|names|nr_gp_code|process|sntype|stages|statementsstate|title|topics|type|update|vhg_fertig|vhg_fertig_docs|zitation,date|fsth|priority|reden|text,5c85b0322bbbd8de1e8aec5e402d4f36,"approvalstate, breadcrumbs, breadcrumbs[].title, breadcrumbs[].url, deleted, description, doktyp, einlangen"
/gegenstand/XXVI/RGER/1,RGER,NR,XXVI,recent,B_flat_stages,approvalstate|breadcrumbs|deleted|description|doktyp|einlangen|eurovoc|gp_code|group|headwords|history_ind|inr|intranet|ityp|names|nr_gp_code|process|sntype|stages|statementsstate|title|topics|type|update|vhg_fertig|vhg_fertig_docs|zitation,date|fsth|priority|text,5c85b0322bbbd8de1e8aec5e402d4f36,"approvalstate, breadcrumbs, breadcrumbs[].title, breadcrumbs[].url, deleted, description, doktyp, einlangen"
/gegenstand/XXVII/RGER/16,RGER,NR,XXVII,recent,B_flat_stages,approvalstate|breadcrumbs|deleted|description|doktyp|einlangen|eurovoc|gp_code|group|headwords|history_ind|inr|intranet|ityp|names|nr_gp_code|process|sntype|stages|statementsstate|title|topics|type|update|vhg_fertig|vhg_fertig_docs|zitation,date|fsth|priority|reden|text,5c85b0322bbbd8de1e8aec5e402d4f36,"approvalstate, breadcrumbs, breadcrumbs[].title, breadcrumbs[].url, deleted, description, doktyp, einlangen"
/gegenstand/XXVII/I/1807,I,NR,XXVII,recent,B_flat_stages,approvalstate|breadcrumbs|deleted|description|documents|doktyp|einlangen|eurovoc|gp_code|group|headwords|history_ind|inr|intranet|ityp|names|nr_gp_code|process|reference|sntype|stages|statementsstate|title|topics|type|update|vhg_fertig|vhg_fertig_docs|zitation,date|priority|text,9ebc7ec56f8b923831fc29cbd5bfc2e5,"approvalstate, breadcrumbs, breadcrumbs[].title, breadcrumbs[].url, deleted, description, documents, documents[].documents"
/gegenstand/XXVII/I/2595,I,NR,XXVII,recent,A_phase_stages,approvalstate|breadcrumbs|correspondence|deleted|description|documents|doktyp|einlangen|eurovoc|gp_code|group|headwords|history_ind|inr|intranet|ityp|names|nr_gp_code|phase|process|progress|reference|sntype|statements|statementsstate|status|title|topics|type|update|vhg_fertig|vhg_fertig_docs|vote|zitation,date|priority|text,69355e4dbf33282a34550b081262844a,"approvalstate, breadcrumbs, breadcrumbs[].title, breadcrumbs[].url, correspondence, correspondence[].additional, correspondence[].date, correspondence[].title"
/gegenstand/XXVII/I/1988,I,NR,XXVII,recent,B_flat_stages,approvalstate|breadcrumbs|correspondence|deleted|description|documents|doktyp|einlangen|eurovoc|gp_code|group|headwords|history_ind|inr|intranet|ityp|names|nr_gp_code|process|reference|sntype|stages|statementsstate|title|topics|type|update|vhg_fertig|vhg_fertig_docs|zitation,date|priority|text,2e124bb2d77b841a987abf0d23444c7c,"approvalstate, breadcrumbs, breadcrumbs[].title, breadcrumbs[].url, correspondence, correspondence[].additional, correspondence[].date, correspondence[].title"
/gegenstand/XXVII/S/2,S,NR,XXVII,recent,B_flat_stages,approvalstate|breadcrumbs|deleted|description|documents|doktyp|einlangen|gp_code|group|history_ind|inr|intranet|ityp|nr_gp_code|process|reference|sntype|stages|statementsstate|title|type|update|vhg_fertig|vhg_fertig_docs|zitation,date|text,19951fe63af7aede5514a52074e662bc,"approvalstate, breadcrumbs, breadcrumbs[].title, breadcrumbs[].url, deleted, description, documents, documents[].documents"
/gegenstand/XXVII/S/4,S,NR,XXVII,recent,B_flat_stages,approvalstate|breadcrumbs|deleted|description|documents|doktyp|einlangen|gp_code|group|history_ind|inr|intranet|ityp|nr_gp_code|process|reference|sntype|stages|statementsstate|title|type|update|vhg_fertig|vhg_fertig_docs|zitation,date|text,19951fe63af7aede5514a52074e662bc,"approvalstate, breadcrumbs, breadcrumbs[].title, breadcrumbs[].url, deleted, description, documents, documents[].documents"
/gegenstand/XXVII/S/5,S,NR,XXVII,recent,B_flat_stages,approvalstate|breadcrumbs|deleted|description|documents|doktyp|einlangen|gp_code|group|history_ind|inr|intranet|ityp|nr_gp_code|process|reference|sntype|stages|statementsstate|title|type|update|vhg_fertig|vhg_fertig_docs|zitation,date|text,19951fe63af7aede5514a52074e662bc,"approvalstate, breadcrumbs, breadcrumbs[].title, breadcrumbs[].url, deleted, description, documents, documents[].documents"
/gegenstand/XXVII/KOMM/249,KOMM,NR,XXVII,recent,B_flat_stages,approvalstate|breadcrumbs|deleted|description|documents|doktyp|einlangen|eurovoc|gp_code|group|headwords|history_ind|inr|intranet|ityp|nr_gp_code|process|reference|sntype|stages|statementsstate|stdocuments|title|topics|type|update|vhg_fertig|vhg_fertig_docs|zitation,date|priority|text,98c63d560447877962cdda64cd6fd610,"approvalstate, breadcrumbs, breadcrumbs[].title, breadcrumbs[].url, deleted, description, documents, documents[].documents"
/gegenstand/XXVII/KOMM/614,KOMM,NR,XXVII,recent,B_flat_stages,approvalstate|breadcrumbs|deleted|description|documents|doktyp|einlangen|eurovoc|gp_code|group|headwords|history_ind|inr|intranet|ityp|nr_gp_code|process|reference|sntype|stages|statementsstate|title|topics|type|update|vhg_fertig|vhg_fertig_docs|zitation,date|priority|text,aaf693cb4175786168ef329d0124e3b1,"approvalstate, breadcrumbs, breadcrumbs[].title, breadcrumbs[].url, deleted, description, documents, documents[].documents"
/gegenstand/XXVII/KOMM/32,KOMM,NR,XXVII,recent,B_flat_stages,approvalstate|breadcrumbs|deleted|description|documents|doktyp|einlangen|eurovoc|gp_code|group|headwords|history_ind|inr|intranet|ityp|nr_gp_code|process|reference|sntype|stages|statementsstate|title|topics|type|update|vhg_fertig|vhg_fertig_docs|zitation,date|priority|text,aaf693cb4175786168ef329d0124e3b1,"approvalstate, breadcrumbs, breadcrumbs[].title, breadcrumbs[].url, deleted, description, documents, documents[].documents"
/gegenstand/XXVI/W/4,W,NR,XXVI,recent,B_flat_stages,approvalstate|breadcrumbs|deleted|description|doktyp|einlangen|eurovoc|gp_code|group|headwords|history_ind|inr|intranet|ityp|nr_gp_code|process|sntype|stages|statementsstate|title|topics|type|update|vhg_fertig|vhg_fertig_docs|zitation,date|fsth|priority|text,ddaed47d57007b93cb1abd4f507821df,"approvalstate, breadcrumbs, breadcrumbs[].title, breadcrumbs[].url, deleted, description, doktyp, einlangen"
/gegenstand/XXVI/W/12,W,NR,XXVI,recent,B_flat_stages,approvalstate|breadcrumbs|deleted|description|doktyp|einlangen|eurovoc|gp_code|group|headwords|history_ind|inr|intranet|ityp|nr_gp_code|process|sntype|stages|statementsstate|title|topics|type|update|vhg_fertig|vhg_fertig_docs|zitation,date|fsth|names|priority|text,ddaed47d57007b93cb1abd4f507821df,"approvalstate, breadcrumbs, breadcrumbs[].title, breadcrumbs[].url, deleted, description, doktyp, einlangen"
/gegenstand/XXVII/W/3,W,NR,XXVII,recent,B_flat_stages,approvalstate|breadcrumbs|deleted|description|doktyp|einlangen|eurovoc|gp_code|group|headwords|history_ind|inr|intranet|ityp|nr_gp_code|process|sntype|stages|statementsstate|title|topics|type|update|vhg_fertig|vhg_fertig_docs|zitation,date|fsth|priority|text,ddaed47d57007b93cb1abd4f507821df,"approvalstate, breadcrumbs, breadcrumbs[].title, breadcrumbs[].url, deleted, description, doktyp, einlangen"
/gegenstand/XXVI/III/99,III,NR,XXVI,recent,A_phase_stages,approvalstate|breadcrumbs|correspondence|deleted|description|documents|doktyp|einlangen|eurovoc|gp_code|group|headwords|history_ind|inr|intranet|ityp|names|nr_gp_code|phase|process|progress|sntype|statementsstate|status|title|topics|type|update|vhg_fertig|vhg_fertig_docs|zitation,date|fsth|priority|text,1315daaee06634ff8018065c9a2c9c2e,"approvalstate, breadcrumbs, breadcrumbs[].title, breadcrumbs[].url, correspondence, correspondence[].additional, correspondence[].date, correspondence[].title"
/gegenstand/XXVII/III/1218,III,NR,XXVII,recent,A_phase_stages,approvalstate|breadcrumbs|correspondence|deleted|description|documents|doktyp|einlangen|eurovoc|gp_code|group|headwords|history_ind|inr|intranet|ityp|names|nr_gp_code|phase|process|progress|sntype|statementsstate|status|title|topics|type|update|vhg_fertig|vhg_fertig_docs|zitation,date|fsth|priority|text,a10acb5651c3369fce240bef13e2d36e,"approvalstate, breadcrumbs, breadcrumbs[].title, breadcrumbs[].url, correspondence, correspondence[].additional, correspondence[].date, correspondence[].title"
/gegenstand/XXVII/III/431,III,NR,XXVII,recent,A_phase_stages,approvalstate|breadcrumbs|correspondence|deleted|description|documents|doktyp|einlangen|eurovoc|gp_code|group|headwords|history_ind|inr|intranet|ityp|nr_gp_code|phase|process|progress|sntype|statementsstate|status|title|topics|type|update|vhg_fertig|vhg_fertig_docs|zitation,date|priority|text,d4fc2bd17333618307141e8d5996cab3,"approvalstate, breadcrumbs, breadcrumbs[].title, breadcrumbs[].url, correspondence, correspondence[].additional, correspondence[].date, correspondence[].title"
/gegenstand/XXVI/FS/7,FS,NR,XXVI,recent,B_flat_stages,agenda|approvalstate|breadcrumbs|deleted|description|doktyp|einlangen|eurovoc|gp_code|group|headwords|history_ind|inr|intranet|ityp|names|nr_gp_code|process|sntype|stages|statementsstate|title|topics|type|update|vhg_fertig|vhg_fertig_docs|zitation,date|priority|text,37c0a7aa281d8eda819e0b59d5ceee20,"agenda, agenda[].documents, agenda[].documents[].link, agenda[].documents[].type, agenda[].title, approvalstate, breadcrumbs, breadcrumbs[].title"
/gegenstand/XXVII/FS/14,FS,NR,XXVII,recent,B_flat_stages,agenda|approvalstate|breadcrumbs|deleted|description|doktyp|einlangen|eurovoc|gp_code|group|headwords|history_ind|inr|intranet|ityp|names|nr_gp_code|process|sntype|stages|statementsstate|title|topics|type|update|vhg_fertig|vhg_fertig_docs|zitation,date|priority|text,d46a6a3ce63bb6135ab68b5d2fddf18d,"agenda, agenda[].documents, agenda[].documents[].link, agenda[].documents[].type, agenda[].title, approvalstate, breadcrumbs, breadcrumbs[].title"
/gegenstand/XXVII/FS/9,FS,NR,XXVII,recent,B_flat_stages,agenda|approvalstate|breadcrumbs|deleted|description|doktyp|einlangen|eurovoc|gp_code|group|headwords|history_ind|inr|intranet|ityp|names|nr_gp_code|process|sntype|stages|statementsstate|title|topics|type|update|vhg_fertig|vhg_fertig_docs|zitation,date|priority|text,37c0a7aa281d8eda819e0b59d5ceee20,"agenda, agenda[].documents, agenda[].documents[].link, agenda[].documents[].type, agenda[].title, approvalstate, breadcrumbs, breadcrumbs[].title"
/gegenstand/XXVII/AS/29,AS,NR,XXVII,recent,B_flat_stages,approvalstate|breadcrumbs|deleted|description|doktyp|einlangen|eurovoc|gp_code|group|headwords|history_ind|inr|intranet|ityp|names|nr_gp_code|process|sntype|stages|statementsstate|title|topics|type|update|vhg_fertig|vhg_fertig_docs|zitation,date|fsth|priority|text,3c2882f1800a9a6c71214009a8334f8f,"approvalstate, breadcrumbs, breadcrumbs[].title, breadcrumbs[].url, deleted, description, doktyp, einlangen"
/gegenstand/XXVIII/AS/4,AS,NR,XXVIII,recent,B_flat_stages,approvalstate|breadcrumbs|deleted|description|doktyp|einlangen|eurovoc|gp_code|group|headwords|history_ind|inr|intranet|ityp|names|nr_gp_code|process|sntype|stages|statementsstate|title|topics|type|update|vhg_fertig|vhg_fertig_docs|zitation,date|fsth|priority|text,3c2882f1800a9a6c71214009a8334f8f,"approvalstate, breadcrumbs, breadcrumbs[].title, breadcrumbs[].url, deleted, description, doktyp, einlangen"
/gegenstand/XXVII/AS/26,AS,NR,XXVII,recent,B_flat_stages,approvalstate|breadcrumbs|deleted|description|doktyp|einlangen|eurovoc|gp_code|group|headwords|history_ind|inr|intranet|ityp|names|nr_gp_code|process|sntype|stages|statementsstate|title|topics|type|update|vhg_fertig|vhg_fertig_docs|zitation,date|fsth|priority|text,3c2882f1800a9a6c71214009a8334f8f,"approvalstate, breadcrumbs, breadcrumbs[].title, breadcrumbs[].url, deleted, description, doktyp, einlangen"
/gegenstand/XXVIII/M/50,M,NR,XXVIII,recent,B_flat_stages,approvalstate|breadcrumbs|deleted|description|doktyp|einlangen|eurovoc|gp_code|group|headwords|history_ind|inr|intranet|ityp|names|nr_gp_code|process|sntype|stages|statementsstate|title|topics|type|update|vhg_fertig|vhg_fertig_docs|zitation,date|fsth|priority|text,3c2882f1800a9a6c71214009a8334f8f,"approvalstate, breadcrumbs, breadcrumbs[].title, breadcrumbs[].url, deleted, description, doktyp, einlangen"
/gegenstand/XXVI/M/38,M,NR,XXVI,recent,B_flat_stages,approvalstate|breadcrumbs|deleted|description|doktyp|einlangen|eurovoc|gp_code|group|headwords|history_ind|inr|intranet|ityp|names|nr_gp_code|process|sntype|stages|statementsstate|title|topics|type|update|vhg_fertig|vhg_fertig_docs|zitation,date|fsth|priority|text,7957727496844bab5d53a3821320f88f,"approvalstate, breadcrumbs, breadcrumbs[].title, breadcrumbs[].url, deleted, description, doktyp, einlangen"
/gegenstand/XXVII/M/153,M,NR,XXVII,recent,B_flat_stages,approvalstate|breadcrumbs|deleted|description|doktyp|einlangen|eurovoc|gp_code|group|headwords|history_ind|inr|intranet|ityp|names|nr_gp_code|process|sntype|stages|statementsstate|title|topics|type|update|vhg_fertig|vhg_fertig_docs|zitation,date|fsth|priority|text,3c2882f1800a9a6c71214009a8334f8f,"approvalstate, breadcrumbs, breadcrumbs[].title, breadcrumbs[].url, deleted, description, doktyp, einlangen"
/gegenstand/XXVI/JPR/10,JPR,NR,XXVI,recent,B_flat_stages,approvalstate|breadcrumbs|deleted|description|documents|doktyp|einlangen|eurovoc|gp_code|group|headwords|history_ind|inr|intranet|ityp|names|nr_gp_code|process|reference|sntype|stages|statementsstate|title|topics|type|update|vhg_fertig|vhg_fertig_docs|zitation,date|fsth|priority|text,13a7ad2381c379259e45ad99d8966221,"approvalstate, breadcrumbs, breadcrumbs[].title, breadcrumbs[].url, deleted, description, documents, documents[].documents"
/gegenstand/XXVII/JPR/47,JPR,NR,XXVII,recent,B_flat_stages,approvalstate|breadcrumbs|deleted|description|documents|doktyp|einlangen|eurovoc|gp_code|group|headwords|history_ind|inr|intranet|ityp|names|nr_gp_code|process|reference|sntype|stages|statementsstate|title|topics|type|update|vhg_fertig|vhg_fertig_docs|zitation,date|fsth|priority|text,13a7ad2381c379259e45ad99d8966221,"approvalstate, breadcrumbs, breadcrumbs[].title, breadcrumbs[].url, deleted, description, documents, documents[].documents"
/gegenstand/XXVII/JPR/61,JPR,NR,XXVII,recent,B_flat_stages,approvalstate|breadcrumbs|deleted|description|documents|doktyp|einlangen|eurovoc|gp_code|group|headwords|history_ind|inr|intranet|ityp|names|nr_gp_code|process|reference|sntype|stages|statementsstate|title|topics|type|update|vhg_fertig|vhg_fertig_docs|zitation,date|fsth|priority|text,13a7ad2381c379259e45ad99d8966221,"approvalstate, breadcrumbs, breadcrumbs[].title, breadcrumbs[].url, deleted, description, documents, documents[].documents"
/gegenstand/XXVII/ABPR/57,ABPR,NR,XXVII,recent,B_flat_stages,approvalstate|breadcrumbs|deleted|description|documents|doktyp|einlangen|eurovoc|gp_code|group|headwords|history_ind|inr|intranet|ityp|names|nr_gp_code|process|reference|sntype|stages|statementsstate|title|topics|type|update|vhg_fertig|vhg_fertig_docs|zitation,date|fsth|priority|text,b006733e83bd5f94991be1193ce8870c,"approvalstate, breadcrumbs, breadcrumbs[].title, breadcrumbs[].url, deleted, description, documents, documents[].documents"
/gegenstand/XXVII/ABPR/46,ABPR,NR,XXVII,recent,B_flat_stages,approvalstate|breadcrumbs|deleted|description|documents|doktyp|einlangen|eurovoc|gp_code|group|headwords|history_ind|inr|intranet|ityp|names|nr_gp_code|process|reference|sntype|stages|statementsstate|title|topics|type|update|vhg_fertig|vhg_fertig_docs|zitation,date|fsth|priority|text,ce96c54823282b274bf9095f5f468fab,"approvalstate, breadcrumbs, breadcrumbs[].title, breadcrumbs[].url, deleted, description, documents, documents[].documents"
/gegenstand/XXVII/ABPR/38,ABPR,NR,XXVII,recent,B_flat_stages,approvalstate|breadcrumbs|deleted|description|documents|doktyp|einlangen|eurovoc|gp_code|group|headwords|history_ind|inr|intranet|ityp|names|nr_gp_code|process|reference|sntype|stages|statementsstate|title|topics|type|update|vhg_fertig|vhg_fertig_docs|zitation,date|priority|text,b006733e83bd5f94991be1193ce8870c,"approvalstate, breadcrumbs, breadcrumbs[].title, breadcrumbs[].url, deleted, description, documents, documents[].documents"
/gegenstand/XXVII/BI/38,BI,NR,XXVII,recent,A_phase_stages,approvals|approvalstate|breadcrumbs|correspondence|deleted|description|documents|doktyp|einlangen|eurovoc|gp_code|group|headwords|history_ind|inr|intranet|ityp|names|nr_gp_code|phase|process|progress|sntype|statements|statementsstate|status|title|topics|type|update|vhg_fertig|vhg_fertig_docs|zitation,date|priority|text,c933e2a644744cccec0ef8e94c682884,"approvals, approvals.filter, approvals.filter.data, approvals.filter.rendertype, approvals.new, approvalstate, breadcrumbs, breadcrumbs[].title"
/gegenstand/XXVI/BI/34,BI,NR,XXVI,recent,A_phase_stages,approvals|approvalstate|breadcrumbs|correspondence|deleted|description|documents|doktyp|einlangen|eurovoc|gp_code|group|headwords|history_ind|inr|intranet|ityp|names|nr_gp_code|phase|process|progress|reference|sntype|statements|statementsstate|status|title|topics|type|update|vhg_fertig|vhg_fertig_docs|zitation,date|fsth|priority|text,b05fc7adbb34f7e398ddff99d42ef51a,"approvals, approvals.filter, approvals.filter.data, approvals.filter.rendertype, approvals.new, approvalstate, breadcrumbs, breadcrumbs[].title"
/gegenstand/XXVIII/BI/23,BI,NR,XXVIII,recent,A_phase_stages,appformlink|approvals|approvalstate|breadcrumbs|correspondence|deleted|description|documents|doktyp|einlangen|eurovoc|formlink|gp_code|group|headwords|history_ind|inr|intranet|ityp|names|nr_gp_code|phase|process|progress|sntype|statements|statementsstate|status|title|topics|type|update|vhg_fertig|vhg_fertig_docs|zitation,date|priority|text,9e8faa4d53ea3ef9a1220a9019974a4b,"appformlink, approvals, approvals.filter, approvals.filter.data, approvals.filter.rendertype, approvals.new, approvals.personform, approvals.personform.data"
/gegenstand/XXVII/PET/68,PET,NR,XXVII,recent,A_phase_stages,approvals|approvalstate|breadcrumbs|correspondence|deleted|description|documents|doktyp|einlangen|eurovoc|gp_code|group|headwords|history_ind|inr|intranet|ityp|names|nr_gp_code|phase|process|progress|sntype|statements|statementsstate|status|title|topics|type|update|vhg_fertig|vhg_fertig_docs|zitation,date|priority|text,9c8b33df336360a6353ea410607c2c26,"approvals, approvals.filter, approvals.filter.data, approvals.filter.rendertype, approvals.new, approvalstate, breadcrumbs, breadcrumbs[].title"
/gegenstand/XXVII/PET/54,PET,NR,XXVII,recent,A_phase_stages,approvals|approvalstate|breadcrumbs|correspondence|deleted|description|documents|doktyp|einlangen|eurovoc|gp_code|group|headwords|history_ind|inr|intranet|ityp|names|nr_gp_code|phase|process|progress|sntype|statements|statementsstate|status|title|topics|type|update|vhg_fertig|vhg_fertig_docs|zitation,date|priority|text,9c8b33df336360a6353ea410607c2c26,"approvals, approvals.filter, approvals.filter.data, approvals.filter.rendertype, approvals.new, approvalstate, breadcrumbs, breadcrumbs[].title"
/gegenstand/XXVII/PET/66,PET,NR,XXVII,recent,A_phase_stages,approvals|approvalstate|breadcrumbs|correspondence|deleted|description|documents|doktyp|einlangen|eurovoc|gp_code|group|headwords|history_ind|inr|intranet|ityp|names|nr_gp_code|phase|process|progress|sntype|statements|statementsstate|status|title|topics|type|update|vhg_fertig|vhg_fertig_docs|zitation,date|priority|text,9c8b33df336360a6353ea410607c2c26,"approvals, approvals.filter, approvals.filter.data, approvals.filter.rendertype, approvals.new, approvalstate, breadcrumbs, breadcrumbs[].title"
/gegenstand/XXVII/E/201,E,NR,XXVII,recent,B_flat_stages,approvalstate|breadcrumbs|deleted|description|documents|doktyp|einlangen|eurovoc|gp_code|group|headwords|history_ind|inr|intranet|ityp|nr_gp_code|process|reference|sntype|stages|statementsstate|title|topics|type|update|vhg_fertig|vhg_fertig_docs|zitation,date|fsth|priority|text,b3e293bdd9ddeef750913a9c64f5c6da,"approvalstate, breadcrumbs, breadcrumbs[].title, breadcrumbs[].url, deleted, description, documents, documents[].documents"
/gegenstand/XXVIII/E/53,E,NR,XXVIII,recent,B_flat_stages,approvalstate|breadcrumbs|deleted|description|documents|doktyp|einlangen|eurovoc|gp_code|group|headwords|history_ind|inr|intranet|ityp|nr_gp_code|process|reference|sntype|stages|statementsstate|title|topics|type|update|vhg_fertig|vhg_fertig_docs|zitation,date|fsth|priority|reden|text,8c1586bcdac74ee0e90de4c366dec844,"approvalstate, breadcrumbs, breadcrumbs[].title, breadcrumbs[].url, deleted, description, documents, documents[].documents"
/gegenstand/XXVIII/E/8,E,NR,XXVIII,recent,B_flat_stages,approvalstate|breadcrumbs|deleted|description|documents|doktyp|einlangen|eurovoc|gp_code|group|headwords|history_ind|inr|intranet|ityp|nr_gp_code|process|reference|sntype|stages|statementsstate|title|topics|type|update|vhg_fertig|vhg_fertig_docs|zitation,date|fsth|priority|text,8c1586bcdac74ee0e90de4c366dec844,"approvalstate, breadcrumbs, breadcrumbs[].title, breadcrumbs[].url, deleted, description, documents, documents[].documents"
/gegenstand/XXVII/AB/14424,AB,NR,XXVII,recent,B_flat_stages,approvalstate|breadcrumbs|deleted|description|documents|doktyp|einlangen|eurovoc|gp_code|group|headwords|history_ind|inr|intranet|ityp|names|nr_gp_code|process|reference|sntype|stages|statementsstate|title|topics|type|update|vhg_fertig|vhg_fertig_docs|zitation,date|priority|text,153d8aaa60a4cbfc5036f0476d696396,"approvalstate, breadcrumbs, breadcrumbs[].title, breadcrumbs[].url, deleted, description, documents, documents[].documents"
/gegenstand/XXVI/AB/3466,AB,NR,XXVI,recent,B_flat_stages,approvalstate|breadcrumbs|deleted|description|documents|doktyp|einlangen|eurovoc|gp_code|group|headwords|history_ind|inr|intranet|ityp|names|nr_gp_code|process|reference|sntype|stages|statementsstate|title|topics|type|update|vhg_fertig|vhg_fertig_docs|zitation,date|priority|text,ce96c54823282b274bf9095f5f468fab,"approvalstate, breadcrumbs, breadcrumbs[].title, breadcrumbs[].url, deleted, description, documents, documents[].documents"
/gegenstand/XXVII/AB/15657,AB,NR,XXVII,recent,B_flat_stages,approvalstate|breadcrumbs|deleted|description|documents|doktyp|einlangen|eurovoc|gp_code|group|headwords|history_ind|inr|intranet|ityp|names|nr_gp_code|process|reference|sntype|stages|statementsstate|title|topics|type|update|vhg_fertig|vhg_fertig_docs|zitation,date|priority|text,153d8aaa60a4cbfc5036f0476d696396,"approvalstate, breadcrumbs, breadcrumbs[].title, breadcrumbs[].url, deleted, description, documents, documents[].documents"
/gegenstand/XXVII/IMM/13,IMM,NR,XXVII,recent,A_phase_stages,approvalstate|breadcrumbs|deleted|description|doktyp|einlangen|eurovoc|gp_code|group|headwords|history_ind|inr|intranet|ityp|names|nr_gp_code|phase|process|progress|sntype|statementsstate|status|title|topics|type|update|vhg_fertig|vhg_fertig_docs|zitation,date|priority|text,4e9b05131f270e5d737e19d1c3eb1b77,"approvalstate, breadcrumbs, breadcrumbs[].title, breadcrumbs[].url, deleted, description, doktyp, einlangen"
/gegenstand/XXVI/IMM/4,IMM,NR,XXVI,recent,A_phase_stages,approvalstate|breadcrumbs|deleted|description|doktyp|einlangen|eurovoc|gp_code|group|headwords|history_ind|inr|intranet|ityp|names|nr_gp_code|phase|process|progress|sntype|statementsstate|status|title|topics|type|update|vhg_fertig|vhg_fertig_docs|zitation,date|fsth|priority|text,bc66c6dfef65c9b3d37d737b722d340f,"approvalstate, breadcrumbs, breadcrumbs[].title, breadcrumbs[].url, deleted, description, doktyp, einlangen"
/gegenstand/XXVII/IMM/17,IMM,NR,XXVII,recent,A_phase_stages,approvalstate|breadcrumbs|deleted|description|doktyp|einlangen|eurovoc|gp_code|group|headwords|history_ind|inr|intranet|ityp|names|nr_gp_code|phase|process|progress|sntype|statementsstate|status|title|topics|type|update|vhg_fertig|vhg_fertig_docs|zitation,date|priority|text,4e9b05131f270e5d737e19d1c3eb1b77,"approvalstate, breadcrumbs, breadcrumbs[].title, breadcrumbs[].url, deleted, description, doktyp, einlangen"
/gegenstand/XXVIII/J/1258,J,NR,XXVIII,recent,B_flat_stages,approvalstate|breadcrumbs|deleted|description|documents|doktyp|einlangen|eurovoc|gp_code|group|headwords|history_ind|inr|intranet|ityp|names|nr_gp_code|process|reference|sntype|stages|statementsstate|title|topics|type|update|vhg_fertig|vhg_fertig_docs|zitation,date|fsth|priority|text,13a7ad2381c379259e45ad99d8966221,"approvalstate, breadcrumbs, breadcrumbs[].title, breadcrumbs[].url, deleted, description, documents, documents[].documents"
/gegenstand/XXVII/J/190,J,NR,XXVII,recent,B_flat_stages,approvalstate|breadcrumbs|deleted|description|documents|doktyp|einlangen|eurovoc|gp_code|group|headwords|history_ind|inr|intranet|ityp|names|nr_gp_code|process|reference|sntype|stages|statementsstate|title|topics|type|update|vhg_fertig|vhg_fertig_docs|zitation,date|fsth|priority|text,13a7ad2381c379259e45ad99d8966221,"approvalstate, breadcrumbs, breadcrumbs[].title, breadcrumbs[].url, deleted, description, documents, documents[].documents"
/gegenstand/XXVII/J/11141,J,NR,XXVII,recent,B_flat_stages,approvalstate|breadcrumbs|deleted|description|documents|doktyp|einlangen|eurovoc|gp_code|group|headwords|history_ind|inr|intranet|ityp|names|nr_gp_code|process|reference|sntype|stages|statementsstate|title|topics|type|update|vhg_fertig|vhg_fertig_docs|zitation,date|fsth|priority|text,b006733e83bd5f94991be1193ce8870c,"approvalstate, breadcrumbs, breadcrumbs[].title, breadcrumbs[].url, deleted, description, documents, documents[].documents"
/gegenstand/XXVII/SEU/6,SEU,NR,XXVII,recent,B_flat_stages,approvalstate|breadcrumbs|deleted|description|documents|doktyp|einlangen|gp_code|group|history_ind|inr|intranet|ityp|nr_gp_code|process|reference|sntype|stages|statementsstate|title|type|update|vhg_fertig|vhg_fertig_docs|zitation,date|text,19951fe63af7aede5514a52074e662bc,"approvalstate, breadcrumbs, breadcrumbs[].title, breadcrumbs[].url, deleted, description, documents, documents[].documents"
/gegenstand/XXVII/SEU/2,SEU,NR,XXVII,recent,B_flat_stages,approvalstate|breadcrumbs|deleted|description|documents|doktyp|einlangen|gp_code|group|history_ind|inr|intranet|ityp|nr_gp_code|process|reference|sntype|stages|statementsstate|title|type|update|vhg_fertig|vhg_fertig_docs|zitation,date|text,19951fe63af7aede5514a52074e662bc,"approvalstate, breadcrumbs, breadcrumbs[].title, breadcrumbs[].url, deleted, description, documents, documents[].documents"
/gegenstand/XXVI/SEU/1,SEU,NR,XXVI,recent,B_flat_stages,approvalstate|breadcrumbs|deleted|description|documents|doktyp|einlangen|gp_code|group|history_ind|inr|intranet|ityp|nr_gp_code|process|reference|sntype|stages|statementsstate|title|type|update|vhg_fertig|vhg_fertig_docs|zitation,date|text,19951fe63af7aede5514a52074e662bc,"approvalstate, breadcrumbs, breadcrumbs[].title, breadcrumbs[].url, deleted, description, documents, documents[].documents"
/gegenstand/XXVII/BNR/654,BNR,NR,XXVII,recent,B_flat_stages,approvalstate|breadcrumbs|deleted|description|documents|doktyp|einlangen|eurovoc|gp_code|group|headwords|history_ind|inr|intranet|ityp|nr_gp_code|process|reference|sntype|stages|statementsstate|title|topics|type|update|vhg_fertig|vhg_fertig_docs|zitation,date|priority|text,aaf693cb4175786168ef329d0124e3b1,"approvalstate, breadcrumbs, breadcrumbs[].title, breadcrumbs[].url, deleted, description, documents, documents[].documents"
/gegenstand/XXVII/BNR/7,BNR,NR,XXVII,recent,B_flat_stages,approvalstate|breadcrumbs|deleted|description|documents|doktyp|einlangen|eurovoc|gp_code|group|headwords|history_ind|inr|intranet|ityp|nr_gp_code|process|reference|sntype|stages|statementsstate|title|topics|type|update|vhg_fertig|vhg_fertig_docs|zitation,date|priority|text,aaf693cb4175786168ef329d0124e3b1,"approvalstate, breadcrumbs, breadcrumbs[].title, breadcrumbs[].url, deleted, description, documents, documents[].documents"
/gegenstand/XXVII/BNR/1032,BNR,NR,XXVII,recent,B_flat_stages,approvalstate|breadcrumbs|deleted|description|documents|doktyp|einlangen|eurovoc|gp_code|group|headwords|history_ind|inr|intranet|ityp|nr_gp_code|process|reference|sntype|stages|statementsstate|title|topics|type|update|vhg_fertig|vhg_fertig_docs|zitation,date|priority|text,aaf693cb4175786168ef329d0124e3b1,"approvalstate, breadcrumbs, breadcrumbs[].title, breadcrumbs[].url, deleted, description, documents, documents[].documents"
/gegenstand/XXVII/AUA/8,AUA,NR,XXVII,recent,B_flat_stages,approvalstate|breadcrumbs|deleted|description|doktyp|einlangen|eurovoc|gp_code|group|headwords|history_ind|inr|intranet|ityp|nr_gp_code|process|reference|sntype|stages|statements|statementsstate|title|topics|type|update|vhg_fertig|vhg_fertig_docs|zitation,date|text,1e413a6811ebe1028ef4086d341c51c0,"approvalstate, breadcrumbs, breadcrumbs[].title, breadcrumbs[].url, deleted, description, doktyp, einlangen"
/gegenstand/XXVII/AUA/226,AUA,NR,XXVII,recent,B_flat_stages,approvalstate|breadcrumbs|deleted|description|doktyp|einlangen|eurovoc|gp_code|group|headwords|history_ind|inr|intranet|ityp|nr_gp_code|process|reference|sntype|stages|statements|statementsstate|title|topics|type|update|vhg_fertig|vhg_fertig_docs|zitation,date|text,1e413a6811ebe1028ef4086d341c51c0,"approvalstate, breadcrumbs, breadcrumbs[].title, breadcrumbs[].url, deleted, description, doktyp, einlangen"
/gegenstand/XXVIII/AUA/27,AUA,NR,XXVIII,recent,B_flat_stages,approvalstate|breadcrumbs|deleted|description|doktyp|einlangen|eurovoc|gp_code|group|headwords|history_ind|inr|intranet|ityp|nr_gp_code|process|reference|sntype|stages|statements|statementsstate|title|topics|type|update|vhg_fertig|vhg_fertig_docs|zitation,date|text,1e413a6811ebe1028ef4086d341c51c0,"approvalstate, breadcrumbs, breadcrumbs[].title, breadcrumbs[].url, deleted, description, doktyp, einlangen"
/gegenstand/XXVII/BS/130,BS,NR,XXVII,recent,B_flat_stages,approvalstate|breadcrumbs|deleted|doktyp|einlangen|eurovoc|gp_code|group|headwords|history_ind|inr|intranet|ityp|nr_gp_code|process|reference|sntype|stages|statementsstate|title|topics|type|update|vhg_fertig|vhg_fertig_docs|zitation,date|priority|text,24b3f1d8c9612c446711628d91e3bc65,"approvalstate, breadcrumbs, breadcrumbs[].title, breadcrumbs[].url, deleted, doktyp, einlangen, eurovoc"
/gegenstand/XXVI/BS/29,BS,NR,XXVI,recent,B_flat_stages,approvalstate|breadcrumbs|deleted|doktyp|einlangen|eurovoc|gp_code|group|headwords|history_ind|inr|intranet|ityp|nr_gp_code|process|reference|sntype|stages|statementsstate|title|topics|type|update|vhg_fertig|vhg_fertig_docs|zitation,date|priority|text,24b3f1d8c9612c446711628d91e3bc65,"approvalstate, breadcrumbs, breadcrumbs[].title, breadcrumbs[].url, deleted, doktyp, einlangen, eurovoc"
/gegenstand/XXVII/BS/267,BS,NR,XXVII,recent,B_flat_stages,approvalstate|breadcrumbs|deleted|doktyp|einlangen|eurovoc|gp_code|group|headwords|history_ind|inr|intranet|ityp|nr_gp_code|process|reference|sntype|stages|statementsstate|title|topics|type|update|vhg_fertig|vhg_fertig_docs|zitation,date|priority|text,24b3f1d8c9612c446711628d91e3bc65,"approvalstate, breadcrumbs, breadcrumbs[].title, breadcrumbs[].url, deleted, doktyp, einlangen, eurovoc"
/gegenstand/XXVI/BSE/1,BSE,NR,XXVI,recent,B_flat_stages,approvalstate|breadcrumbs|deleted|description|documents|doktyp|einlangen|eurovoc|gp_code|group|headwords|history_ind|inr|intranet|ityp|nr_gp_code|process|reference|sntype|stages|statementsstate|title|topics|type|update|vhg_fertig|vhg_fertig_docs|zitation,date|priority|text,aaf693cb4175786168ef329d0124e3b1,"approvalstate, breadcrumbs, breadcrumbs[].title, breadcrumbs[].url, deleted, description, documents, documents[].documents"
/gegenstand/XXVII/BSE/1,BSE,NR,XXVII,recent,B_flat_stages,approvalstate|breadcrumbs|deleted|description|documents|doktyp|einlangen|eurovoc|gp_code|group|headwords|history_ind|inr|intranet|ityp|nr_gp_code|process|reference|sntype|stages|statementsstate|title|topics|type|update|vhg_fertig|vhg_fertig_docs|zitation,date|priority|text,aaf693cb4175786168ef329d0124e3b1,"approvalstate, breadcrumbs, breadcrumbs[].title, breadcrumbs[].url, deleted, description, documents, documents[].documents"
/gegenstand/XXVIII/EUBTG/3034,EUBTG,NR,XXVIII,recent,B_flat_stages,approvalstate|breadcrumbs|deleted|description|documents|doktyp|einlangen|gp_code|group|history_ind|inr|intranet|ityp|names|nr_gp_code|process|reference|sntype|stages|statementsstate|title|type|update|vhg_fertig|vhg_fertig_docs|zitation,date|priority|text,ae99be4e05fb44628a01cfc6cfd899d9,"approvalstate, breadcrumbs, breadcrumbs[].title, breadcrumbs[].url, deleted, description, documents, documents[].documents"
/gegenstand/XXVII/EUBTG/198,EUBTG,NR,XXVII,recent,B_flat_stages,approvalstate|breadcrumbs|deleted|description|documents|doktyp|einlangen|gp_code|group|history_ind|inr|intranet|ityp|names|nr_gp_code|process|reference|sntype|stages|statementsstate|title|type|update|vhg_fertig|vhg_fertig_docs|zitation,date|priority|text,ae99be4e05fb44628a01cfc6cfd899d9,"approvalstate, breadcrumbs, breadcrumbs[].title, breadcrumbs[].url, deleted, description, documents, documents[].documents"
/gegenstand/XXVII/EUBTG/12327,EUBTG,NR,XXVII,recent,B_flat_stages,approvalstate|breadcrumbs|deleted|description|documents|doktyp|einlangen|gp_code|group|history_ind|inr|intranet|ityp|names|nr_gp_code|process|reference|sntype|stages|statementsstate|title|type|update|vhg_fertig|vhg_fertig_docs|zitation,date|priority|text,ae99be4e05fb44628a01cfc6cfd899d9,"approvalstate, breadcrumbs, breadcrumbs[].title, breadcrumbs[].url, deleted, description, documents, documents[].documents"
/gegenstand/XXVII/SINF/53,SINF,NR,XXVII,recent,B_flat_stages,approvalstate|breadcrumbs|deleted|description|documents|doktyp|einlangen|gp_code|group|history_ind|inr|intranet|ityp|names|nr_gp_code|process|reference|sntype|stages|statementsstate|title|type|update|vhg_fertig|vhg_fertig_docs|zitation,date|priority|text,78c73032ac99409f1fdb38eca3bccbe7,"approvalstate, breadcrumbs, breadcrumbs[].title, breadcrumbs[].url, deleted, description, documents, documents[].documents"
/gegenstand/XXVII/SINF/41,SINF,NR,XXVII,recent,B_flat_stages,approvalstate|breadcrumbs|deleted|description|documents|doktyp|einlangen|gp_code|group|history_ind|inr|intranet|ityp|names|nr_gp_code|process|reference|sntype|stages|statementsstate|title|type|update|vhg_fertig|vhg_fertig_docs|zitation,date|priority|text,a846f9d5fb78c320b6183b8b170ae453,"approvalstate, breadcrumbs, breadcrumbs[].title, breadcrumbs[].url, deleted, description, documents, documents[].documents"
/gegenstand/XXVI/SINF/20,SINF,NR,XXVI,recent,B_flat_stages,approvalstate|breadcrumbs|deleted|description|documents|doktyp|einlangen|gp_code|group|history_ind|inr|intranet|ityp|names|nr_gp_code|process|reference|sntype|stages|statementsstate|title|type|update|vhg_fertig|vhg_fertig_docs|zitation,date|priority|text,a846f9d5fb78c320b6183b8b170ae453,"approvalstate, breadcrumbs, breadcrumbs[].title, breadcrumbs[].url, deleted, description, documents, documents[].documents"
/gegenstand/XXVII/ABEU/2,ABEU,NR,XXVII,recent,B_flat_stages,approvalstate|breadcrumbs|deleted|description|documents|doktyp|einlangen|eurovoc|gp_code|group|headwords|history_ind|inr|intranet|ityp|names|nr_gp_code|process|reference|sntype|stages|statementsstate|title|topics|type|update|vhg_fertig|vhg_fertig_docs|zitation,date|priority|text,153d8aaa60a4cbfc5036f0476d696396,"approvalstate, breadcrumbs, breadcrumbs[].title, breadcrumbs[].url, deleted, description, documents, documents[].documents"
/gegenstand/XXVI/ABEU/1,ABEU,NR,XXVI,recent,B_flat_stages,approvalstate|breadcrumbs|deleted|description|documents|doktyp|einlangen|eurovoc|gp_code|group|headwords|history_ind|inr|intranet|ityp|names|nr_gp_code|process|reference|sntype|stages|statementsstate|title|topics|type|update|vhg_fertig|vhg_fertig_docs|zitation,date|priority|text,ce96c54823282b274bf9095f5f468fab,"approvalstate, breadcrumbs, breadcrumbs[].title, breadcrumbs[].url, deleted, description, documents, documents[].documents"
/gegenstand/XXVII/ABEU/1,ABEU,NR,XXVII,recent,B_flat_stages,approvalstate|breadcrumbs|deleted|description|documents|doktyp|einlangen|eurovoc|gp_code|group|headwords|history_ind|inr|intranet|ityp|names|nr_gp_code|process|reference|sntype|stages|statementsstate|title|topics|type|update|vhg_fertig|vhg_fertig_docs|zitation,date|priority|text,153d8aaa60a4cbfc5036f0476d696396,"approvalstate, breadcrumbs, breadcrumbs[].title, breadcrumbs[].url, deleted, description, documents, documents[].documents"
/gegenstand/XXVI/JEU/2,JEU,NR,XXVI,recent,B_flat_stages,approvalstate|breadcrumbs|deleted|description|documents|doktyp|einlangen|eurovoc|gp_code|group|headwords|history_ind|inr|intranet|ityp|names|nr_gp_code|process|reference|sntype|stages|statementsstate|title|topics|type|update|vhg_fertig|vhg_fertig_docs|zitation,date|priority|text,13a7ad2381c379259e45ad99d8966221,"approvalstate, breadcrumbs, breadcrumbs[].title, breadcrumbs[].url, deleted, description, documents, documents[].documents"
/gegenstand/XXVII/JEU/1,JEU,NR,XXVII,recent,B_flat_stages,approvalstate|breadcrumbs|deleted|description|documents|doktyp|einlangen|eurovoc|gp_code|group|headwords|history_ind|inr|intranet|ityp|names|nr_gp_code|process|reference|sntype|stages|statementsstate|title|topics|type|update|vhg_fertig|vhg_fertig_docs|zitation,date|priority|text,13a7ad2381c379259e45ad99d8966221,"approvalstate, breadcrumbs, breadcrumbs[].title, breadcrumbs[].url, deleted, description, documents, documents[].documents"
/gegenstand/XXVI/JEU/4,JEU,NR,XXVI,recent,B_flat_stages,approvalstate|breadcrumbs|deleted|description|documents|doktyp|einlangen|eurovoc|gp_code|group|headwords|history_ind|inr|intranet|ityp|names|nr_gp_code|process|reference|sntype|stages|statementsstate|title|topics|type|update|vhg_fertig|vhg_fertig_docs|zitation,date|priority|text,b006733e83bd5f94991be1193ce8870c,"approvalstate, breadcrumbs, breadcrumbs[].title, breadcrumbs[].url, deleted, description, documents, documents[].documents"
/gegenstand/XXVII/US/7,US,NR,XXVII,recent,A_phase_stages,approvalstate|breadcrumbs|correspondence|deleted|description|documents|doktyp|einlangen|eurovoc|gp_code|group|headwords|history_ind|inr|intranet|ityp|names|nr_gp_code|phase|process|progress|reference|sntype|statementsstate|status|title|topics|type|update|vhg_fertig|vhg_fertig_docs|zitation,date|fsth|priority|text,cd5354e3685cf7078b879be5612b6943,"approvalstate, breadcrumbs, breadcrumbs[].title, breadcrumbs[].url, correspondence, correspondence[].additional, correspondence[].date, correspondence[].title"
/gegenstand/XXVII/US/4,US,NR,XXVII,recent,A_phase_stages,approvalstate|breadcrumbs|correspondence|deleted|description|documents|doktyp|einlangen|eurovoc|gp_code|group|headwords|history_ind|inr|intranet|ityp|names|nr_gp_code|phase|process|progress|reference|sntype|statementsstate|status|title|topics|type|update|vhg_fertig|vhg_fertig_docs|zitation,date|fsth|text,ad578d8c13559501d99937c4982c27ad,"approvalstate, breadcrumbs, breadcrumbs[].title, breadcrumbs[].url, correspondence, correspondence[].additional, correspondence[].date, correspondence[].title"
/gegenstand/XXVII/US/5,US,NR,XXVII,recent,A_phase_stages,approvalstate|breadcrumbs|correspondence|deleted|description|documents|doktyp|einlangen|gp_code|group|history_ind|inr|intranet|ityp|names|nr_gp_code|phase|process|progress|sntype|statementsstate|status|title|type|update|vhg_fertig|vhg_fertig_docs|zitation,date|fsth|priority|text,644720cca3a3ff7bf287d32753818b38,"approvalstate, breadcrumbs, breadcrumbs[].title, breadcrumbs[].url, correspondence, correspondence[].additional, correspondence[].date, correspondence[].title"
/gegenstand/XXVI/GAST/1,GAST,NR,XXVI,recent,B_flat_stages,approvalstate|breadcrumbs|deleted|description|doktyp|einlangen|eurovoc|gp_code|group|headwords|history_ind|inr|intranet|ityp|nr_gp_code|process|sntype|stages|statementsstate|title|topics|type|update|vhg_fertig|vhg_fertig_docs|zitation,date|fsth|priority|reden|text,ddaed47d57007b93cb1abd4f507821df,"approvalstate, breadcrumbs, breadcrumbs[].title, breadcrumbs[].url, deleted, description, doktyp, einlangen"
/gegenstand/XXVII/GAST/2,GAST,NR,XXVII,recent,B_flat_stages,approvalstate|breadcrumbs|deleted|description|doktyp|einlangen|eurovoc|gp_code|group|headwords|history_ind|inr|intranet|ityp|nr_gp_code|process|sntype|stages|statementsstate|title|topics|type|update|vhg_fertig|vhg_fertig_docs|zitation,date|fsth|priority|reden|text,ddaed47d57007b93cb1abd4f507821df,"approvalstate, breadcrumbs, breadcrumbs[].title, breadcrumbs[].url, deleted, description, doktyp, einlangen"
/gegenstand/XXVII/GAST/1,GAST,NR,XXVII,recent,B_flat_stages,approvalstate|breadcrumbs|deleted|description|doktyp|einlangen|eurovoc|gp_code|group|headwords|history_ind|inr|intranet|ityp|nr_gp_code|process|sntype|stages|statementsstate|title|topics|type|update|vhg_fertig|vhg_fertig_docs|zitation,date|fsth|priority|reden|text,ddaed47d57007b93cb1abd4f507821df,"approvalstate, breadcrumbs, breadcrumbs[].title, breadcrumbs[].url, deleted, description, doktyp, einlangen"
/gegenstand/XXVII/FVUS/1,FVUS,NR,XXVII,recent,B_flat_stages,approvalstate|breadcrumbs|deleted|description|documents|doktyp|einlangen|gp_code|group|history_ind|inr|intranet|ityp|nr_gp_code|process|reference|sntype|stages|statementsstate|title|type|update|vhg_fertig|vhg_fertig_docs|zitation,date|priority|text,ceae3212e6164241090f1c3ea80a2d05,"approvalstate, breadcrumbs, breadcrumbs[].title, breadcrumbs[].url, deleted, description, documents, documents[].documents"
/gegenstand/XXVII/FVUS/8,FVUS,NR,XXVII,recent,B_flat_stages,approvalstate|breadcrumbs|deleted|description|documents|doktyp|einlangen|gp_code|group|history_ind|inr|intranet|ityp|nr_gp_code|process|reference|sntype|stages|statementsstate|title|type|update|vhg_fertig|vhg_fertig_docs|zitation,date|priority|text,ceae3212e6164241090f1c3ea80a2d05,"approvalstate, breadcrumbs, breadcrumbs[].title, breadcrumbs[].url, deleted, description, documents, documents[].documents"
/gegenstand/XXVII/FVUS/5,FVUS,NR,XXVII,recent,B_flat_stages,approvalstate|breadcrumbs|deleted|description|documents|doktyp|einlangen|gp_code|group|history_ind|inr|intranet|ityp|nr_gp_code|process|reference|sntype|stages|statementsstate|title|type|update|vhg_fertig|vhg_fertig_docs|zitation,date|priority|text,ceae3212e6164241090f1c3ea80a2d05,"approvalstate, breadcrumbs, breadcrumbs[].title, breadcrumbs[].url, deleted, description, documents, documents[].documents"
/gegenstand/XXVII/AA/217,AA,NR,XXVII,recent,B_flat_stages,approvalstate|breadcrumbs|deleted|description|documents|doktyp|einlangen|eurovoc|gp_code|group|headwords|history_ind|inr|intranet|ityp|names|nr_gp_code|process|reference|sntype|stages|statementsstate|title|topics|type|update|vhg_fertig|vhg_fertig_docs|zitation,date|fsth|priority|text,cac09fed20dd739ac88ed90a13c8f8c2,"approvalstate, breadcrumbs, breadcrumbs[].title, breadcrumbs[].url, deleted, description, documents, documents[].documents"
/gegenstand/XXVI/AA/40,AA,NR,XXVI,recent,B_flat_stages,approvalstate|breadcrumbs|deleted|description|documents|doktyp|einlangen|eurovoc|gp_code|group|headwords|history_ind|inr|intranet|ityp|names|nr_gp_code|process|reference|sntype|stages|statementsstate|title|topics|type|update|vhg_fertig|vhg_fertig_docs|zitation,date|fsth|priority|text,cac09fed20dd739ac88ed90a13c8f8c2,"approvalstate, breadcrumbs, breadcrumbs[].title, breadcrumbs[].url, deleted, description, documents, documents[].documents"
/gegenstand/XXVII/AA/314,AA,NR,XXVII,recent,B_flat_stages,approvalstate|breadcrumbs|deleted|description|documents|doktyp|einlangen|eurovoc|gp_code|group|headwords|history_ind|inr|intranet|ityp|names|nr_gp_code|process|reference|sntype|stages|statementsstate|title|topics|type|update|vhg_fertig|vhg_fertig_docs|zitation,date|fsth|priority|text,cac09fed20dd739ac88ed90a13c8f8c2,"approvalstate, breadcrumbs, breadcrumbs[].title, breadcrumbs[].url, deleted, description, documents, documents[].documents"
/gegenstand/BR/A-BR/339,A-BR,BR,XXVII,recent,A_phase_stages,approvalstate|breadcrumbs|correspondence|deleted|description|documents|doktyp|einlangen|eurovoc|gp_code|group|headwords|history_ind|inr|intranet|ityp|names|nr_gp_code|phase|process|progress|sntype|statementsstate|status|title|topics|type|update|vhg_fertig|vhg_fertig_docs|zitation,date|text,b98f229ca9c4e82fec3338220f91b603,"approvalstate, breadcrumbs, breadcrumbs[].title, breadcrumbs[].url, correspondence, correspondence[].additional, correspondence[].date, correspondence[].title"
/gegenstand/BR/A-BR/371,A-BR,BR,XXVII,recent,A_phase_stages,approvalstate|breadcrumbs|correspondence|deleted|description|documents|doktyp|einlangen|eurovoc|gp_code|group|headwords|history_ind|inr|intranet|ityp|names|nr_gp_code|phase|process|progress|sntype|statementsstate|status|title|topics|type|update|vhg_fertig|vhg_fertig_docs|zitation,date|text,b98f229ca9c4e82fec3338220f91b603,"approvalstate, breadcrumbs, breadcrumbs[].title, breadcrumbs[].url, correspondence, correspondence[].additional, correspondence[].date, correspondence[].title"
/gegenstand/BR/A-BR/368,A-BR,BR,XXVII,recent,A_phase_stages,approvalstate|breadcrumbs|correspondence|deleted|description|documents|doktyp|einlangen|eurovoc|gp_code|group|headwords|history_ind|inr|intranet|ityp|names|nr_gp_code|phase|process|progress|sntype|statementsstate|status|title|topics|type|update|vhg_fertig|vhg_fertig_docs|zitation,date|text,b98f229ca9c4e82fec3338220f91b603,"approvalstate, breadcrumbs, breadcrumbs[].title, breadcrumbs[].url, correspondence, correspondence[].additional, correspondence[].date, correspondence[].title"
/gegenstand/BR/UEA-BR/370,UEA-BR,BR,XXVII,recent,B_flat_stages,approvalstate|breadcrumbs|deleted|description|documents|doktyp|einlangen|eurovoc|gp_code|group|headwords|history_ind|inr|intranet|ityp|names|nr_gp_code|process|reference|sntype|stages|statementsstate|title|topics|type|update|vhg_fertig|vhg_fertig_docs|zitation,date|fsth|priority|text,cac09fed20dd739ac88ed90a13c8f8c2,"approvalstate, breadcrumbs, breadcrumbs[].title, breadcrumbs[].url, deleted, description, documents, documents[].documents"
/gegenstand/BR/UEA-BR/298,UEA-BR,BR,XXVI,recent,B_flat_stages,approvalstate|breadcrumbs|deleted|description|documents|doktyp|einlangen|eurovoc|gp_code|group|headwords|history_ind|inr|intranet|ityp|names|nr_gp_code|process|reference|sntype|stages|statementsstate|title|topics|type|update|vhg_fertig|vhg_fertig_docs|zitation,date|fsth|priority|text,cac09fed20dd739ac88ed90a13c8f8c2,"approvalstate, breadcrumbs, breadcrumbs[].title, breadcrumbs[].url, deleted, description, documents, documents[].documents"
/gegenstand/BR/UEA-BR/568,UEA-BR,BR,XXVII,recent,B_flat_stages,approvalstate|breadcrumbs|deleted|description|documents|doktyp|einlangen|eurovoc|gp_code|group|headwords|history_ind|inr|intranet|ityp|names|nr_gp_code|process|reference|sntype|stages|statementsstate|title|topics|type|update|vhg_fertig|vhg_fertig_docs|zitation,date|fsth|priority|text,cac09fed20dd739ac88ed90a13c8f8c2,"approvalstate, breadcrumbs, breadcrumbs[].title, breadcrumbs[].url, deleted, description, documents, documents[].documents"
/gegenstand/BR/GO-BR/1693,GO-BR,BR,XXVII,recent,B_flat_stages,approvalstate|breadcrumbs|deleted|description|doktyp|einlangen|eurovoc|gp_code|group|headwords|history_ind|inr|intranet|ityp|nr_gp_code|process|reference|sntype|stages|statementsstate|title|topics|type|update|vhg_fertig|vhg_fertig_docs|zitation,date|fsth|text,d43530544868a8548504d78bf6f60e16,"approvalstate, breadcrumbs, breadcrumbs[].title, breadcrumbs[].url, deleted, description, doktyp, einlangen"
/gegenstand/BR/GO-BR/2383,GO-BR,BR,XXVIII,recent,B_flat_stages,approvalstate|breadcrumbs|deleted|description|doktyp|einlangen|gp_code|group|headwords|history_ind|inr|intranet|ityp|names|nr_gp_code|process|reference|sntype|stages|statementsstate|title|type|update|vhg_fertig|vhg_fertig_docs|zitation,date|fsth|text,d3b1c9a182260dc24f9cf43fcaedcb7f,"approvalstate, breadcrumbs, breadcrumbs[].title, breadcrumbs[].url, deleted, description, doktyp, einlangen"
/gegenstand/BR/GO-BR/1843,GO-BR,BR,XXVII,recent,B_flat_stages,approvalstate|breadcrumbs|deleted|description|doktyp|einlangen|eurovoc|gp_code|group|headwords|history_ind|inr|intranet|ityp|names|nr_gp_code|process|reference|sntype|stages|statementsstate|title|topics|type|update|vhg_fertig|vhg_fertig_docs|zitation,date|fsth|text,e8c4dc5a1b196e28906d6e047b0c9a1f,"approvalstate, breadcrumbs, breadcrumbs[].title, breadcrumbs[].url, deleted, description, doktyp, einlangen"
/gegenstand/BR/IV-BR/175,IV-BR,BR,XXVII,recent,B_flat_stages,approvalstate|breadcrumbs|deleted|description|documents|doktyp|einlangen|gp_code|group|history_ind|inr|intranet|ityp|nr_gp_code|process|sntype|stages|statementsstate|title|type|update|vhg_fertig|vhg_fertig_docs|zitation,date|priority|text,e2fe30c4d07683932e26174ee9f2ac45,"approvalstate, breadcrumbs, breadcrumbs[].title, breadcrumbs[].url, deleted, description, documents, documents[].documents"
/gegenstand/BR/IV-BR/153,IV-BR,BR,XXVII,recent,B_flat_stages,approvalstate|breadcrumbs|deleted|description|documents|doktyp|einlangen|gp_code|group|history_ind|inr|intranet|ityp|nr_gp_code|process|sntype|stages|statementsstate|title|type|update|vhg_fertig|vhg_fertig_docs|zitation,date|priority|text,e2fe30c4d07683932e26174ee9f2ac45,"approvalstate, breadcrumbs, breadcrumbs[].title, breadcrumbs[].url, deleted, description, documents, documents[].documents"
/gegenstand/BR/IV-BR/129,IV-BR,BR,XXVI,recent,B_flat_stages,approvalstate|breadcrumbs|deleted|description|documents|doktyp|einlangen|gp_code|group|history_ind|inr|intranet|ityp|nr_gp_code|process|sntype|stages|statementsstate|title|type|update|vhg_fertig|vhg_fertig_docs|zitation,date|priority|text,e2fe30c4d07683932e26174ee9f2ac45,"approvalstate, breadcrumbs, breadcrumbs[].title, breadcrumbs[].url, deleted, description, documents, documents[].documents"
/gegenstand/BR/W-BR/160,W-BR,BR,XXVI,recent,B_flat_stages,approvalstate|breadcrumbs|deleted|description|doktyp|einlangen|eurovoc|gp_code|group|headwords|history_ind|inr|intranet|ityp|nr_gp_code|process|sntype|stages|statementsstate|title|topics|type|update|vhg_fertig|vhg_fertig_docs|zitation,date|fsth|names|priority|text,ddaed47d57007b93cb1abd4f507821df,"approvalstate, breadcrumbs, breadcrumbs[].title, breadcrumbs[].url, deleted, description, doktyp, einlangen"
/gegenstand/BR/W-BR/205,W-BR,BR,XXVIII,recent,B_flat_stages,approvalstate|breadcrumbs|deleted|description|doktyp|einlangen|eurovoc|gp_code|group|headwords|history_ind|inr|intranet|ityp|nr_gp_code|process|sntype|stages|statementsstate|title|topics|type|update|vhg_fertig|vhg_fertig_docs|zitation,date|fsth|names|priority|text,ddaed47d57007b93cb1abd4f507821df,"approvalstate, breadcrumbs, breadcrumbs[].title, breadcrumbs[].url, deleted, description, doktyp, einlangen"
/gegenstand/BR/W-BR/154,W-BR,BR,XXVI,recent,B_flat_stages,approvalstate|breadcrumbs|deleted|description|doktyp|einlangen|eurovoc|gp_code|group|headwords|history_ind|inr|intranet|ityp|nr_gp_code|process|sntype|stages|statementsstate|title|topics|type|update|vhg_fertig|vhg_fertig_docs|zitation,date|fsth|names|priority|text,ddaed47d57007b93cb1abd4f507821df,"approvalstate, breadcrumbs, breadcrumbs[].title, breadcrumbs[].url, deleted, description, doktyp, einlangen"
/gegenstand/BR/LHER-BR/45,LHER-BR,BR,XXVII,recent,B_flat_stages,approvalstate|breadcrumbs|deleted|description|doktyp|einlangen|eurovoc|gp_code|group|headwords|history_ind|inr|intranet|ityp|names|nr_gp_code|process|reference|sntype|stages|statementsstate|title|topics|type|update|vhg_fertig|vhg_fertig_docs|zitation,date|fsth|priority|text,c5a62048de821aa01f79aa4456d5fa7f,"approvalstate, breadcrumbs, breadcrumbs[].title, breadcrumbs[].url, deleted, description, doktyp, einlangen"
/gegenstand/BR/LHER-BR/47,LHER-BR,BR,XXVII,recent,B_flat_stages,approvalstate|breadcrumbs|deleted|description|doktyp|einlangen|eurovoc|gp_code|group|headwords|history_ind|inr|intranet|ityp|names|nr_gp_code|process|reference|sntype|stages|statementsstate|title|topics|type|update|vhg_fertig|vhg_fertig_docs|zitation,date|fsth|priority|text,476212fb643c49dfed121f25b9fae96e,"approvalstate, breadcrumbs, breadcrumbs[].title, breadcrumbs[].url, deleted, description, doktyp, einlangen"
/gegenstand/BR/LHER-BR/44,LHER-BR,BR,XXVII,recent,B_flat_stages,approvalstate|breadcrumbs|deleted|description|doktyp|einlangen|eurovoc|gp_code|group|headwords|history_ind|inr|intranet|ityp|names|nr_gp_code|process|sntype|stages|statementsstate|title|topics|type|update|vhg_fertig|vhg_fertig_docs|zitation,date|fsth|priority|text,7957727496844bab5d53a3821320f88f,"approvalstate, breadcrumbs, breadcrumbs[].title, breadcrumbs[].url, deleted, description, doktyp, einlangen"
/gegenstand/BR/RGER-BR/38,RGER-BR,BR,XXVII,recent,B_flat_stages,approvalstate|breadcrumbs|deleted|description|doktyp|einlangen|eurovoc|gp_code|group|headwords|history_ind|inr|intranet|ityp|names|nr_gp_code|process|sntype|stages|statementsstate|title|topics|type|update|vhg_fertig|vhg_fertig_docs|zitation,date|fsth|priority|text,5c85b0322bbbd8de1e8aec5e402d4f36,"approvalstate, breadcrumbs, breadcrumbs[].title, breadcrumbs[].url, deleted, description, doktyp, einlangen"
/gegenstand/BR/RGER-BR/43,RGER-BR,BR,XXVIII,recent,B_flat_stages,approvalstate|breadcrumbs|deleted|description|doktyp|einlangen|eurovoc|gp_code|group|headwords|history_ind|inr|intranet|ityp|names|nr_gp_code|process|sntype|stages|statementsstate|title|topics|type|update|vhg_fertig|vhg_fertig_docs|zitation,date|fsth|priority|text,3c37caaf67debc0ad1d4ddb47c1eb196,"approvalstate, breadcrumbs, breadcrumbs[].title, breadcrumbs[].url, deleted, description, doktyp, einlangen"
/gegenstand/BR/RGER-BR/32,RGER-BR,BR,XXVI,recent,B_flat_stages,approvalstate|breadcrumbs|deleted|description|doktyp|einlangen|eurovoc|gp_code|group|headwords|history_ind|inr|intranet|ityp|names|nr_gp_code|process|sntype|stages|statementsstate|title|topics|type|update|vhg_fertig|vhg_fertig_docs|zitation,date|fsth|priority|text,5c85b0322bbbd8de1e8aec5e402d4f36,"approvalstate, breadcrumbs, breadcrumbs[].title, breadcrumbs[].url, deleted, description, doktyp, einlangen"
/gegenstand/BR/J-BR/3489,J-BR,BR,XXVI,recent,B_flat_stages,approvalstate|breadcrumbs|deleted|description|documents|doktyp|einlangen|eurovoc|gp_code|group|headwords|history_ind|inr|intranet|ityp|names|nr_gp_code|process|reference|sntype|stages|statementsstate|title|topics|type|update|vhg_fertig|vhg_fertig_docs|zitation,date|fsth|priority|text,13a7ad2381c379259e45ad99d8966221,"approvalstate, breadcrumbs, breadcrumbs[].title, breadcrumbs[].url, deleted, description, documents, documents[].documents"
/gegenstand/BR/J-BR/4159,J-BR,BR,XXVII,recent,B_flat_stages,approvalstate|breadcrumbs|deleted|description|documents|doktyp|einlangen|eurovoc|gp_code|group|headwords|history_ind|inr|intranet|ityp|names|nr_gp_code|process|reference|sntype|stages|statementsstate|title|topics|type|update|vhg_fertig|vhg_fertig_docs|zitation,date|priority|text,13a7ad2381c379259e45ad99d8966221,"approvalstate, breadcrumbs, breadcrumbs[].title, breadcrumbs[].url, deleted, description, documents, documents[].documents"
/gegenstand/BR/J-BR/4049,J-BR,BR,XXVII,recent,B_flat_stages,approvalstate|breadcrumbs|deleted|description|documents|doktyp|einlangen|eurovoc|gp_code|group|headwords|history_ind|inr|intranet|ityp|names|nr_gp_code|process|reference|sntype|stages|statementsstate|title|topics|type|update|vhg_fertig|vhg_fertig_docs|zitation,date|fsth|priority|text,13a7ad2381c379259e45ad99d8966221,"approvalstate, breadcrumbs, breadcrumbs[].title, breadcrumbs[].url, deleted, description, documents, documents[].documents"
/gegenstand/BR/AB-BR/3537,AB-BR,BR,XXVII,recent,B_flat_stages,approvalstate|breadcrumbs|deleted|description|documents|doktyp|einlangen|eurovoc|gp_code|group|headwords|history_ind|inr|intranet|ityp|names|nr_gp_code|process|reference|sntype|stages|statementsstate|title|topics|type|update|vhg_fertig|vhg_fertig_docs|zitation,date|priority|text,ce96c54823282b274bf9095f5f468fab,"approvalstate, breadcrumbs, breadcrumbs[].title, breadcrumbs[].url, deleted, description, documents, documents[].documents"
/gegenstand/BR/AB-BR/3159,AB-BR,BR,XXVI,recent,B_flat_stages,approvalstate|breadcrumbs|deleted|description|documents|doktyp|einlangen|eurovoc|gp_code|group|headwords|history_ind|inr|intranet|ityp|names|nr_gp_code|process|reference|sntype|stages|statementsstate|title|topics|type|update|vhg_fertig|vhg_fertig_docs|zitation,date|priority|text,ce96c54823282b274bf9095f5f468fab,"approvalstate, breadcrumbs, breadcrumbs[].title, breadcrumbs[].url, deleted, description, documents, documents[].documents"
/gegenstand/BR/AB-BR/3544,AB-BR,BR,XXVII,recent,B_flat_stages,approvalstate|breadcrumbs|deleted|description|documents|doktyp|einlangen|eurovoc|gp_code|group|headwords|history_ind|inr|intranet|ityp|names|nr_gp_code|process|reference|sntype|stages|statementsstate|title|topics|type|update|vhg_fertig|vhg_fertig_docs|zitation,date|priority|text,153d8aaa60a4cbfc5036f0476d696396,"approvalstate, breadcrumbs, breadcrumbs[].title, breadcrumbs[].url, deleted, description, documents, documents[].documents"
/gegenstand/BR/PET-BR/46,PET-BR,BR,XXVII,recent,A_phase_stages,approvals|approvalstate|breadcrumbs|deleted|description|documents|doktyp|einlangen|eurovoc|gp_code|group|headwords|history_ind|inr|intranet|ityp|names|nr_gp_code|phase|process|progress|sntype|statements|statementsstate|status|title|topics|type|update|vhg_fertig|vhg_fertig_docs|zitation,date|priority|text,fec31b4633af4fe0a4fcb5e883263ea0,"approvals, approvals.filter, approvals.filter.data, approvals.filter.rendertype, approvals.new, approvalstate, breadcrumbs, breadcrumbs[].title"
/gegenstand/BR/PET-BR/49,PET-BR,BR,XXVII,recent,A_phase_stages,approvals|approvalstate|breadcrumbs|deleted|description|documents|doktyp|einlangen|eurovoc|gp_code|group|headwords|history_ind|inr|intranet|ityp|names|nr_gp_code|phase|process|progress|sntype|statements|statementsstate|status|title|topics|type|update|vhg_fertig|vhg_fertig_docs|zitation,date|priority|text,1b1833c67b310e420a6ab9d3a1f81418,"approvals, approvals.filter, approvals.filter.data, approvals.filter.rendertype, approvals.new, approvalstate, breadcrumbs, breadcrumbs[].title"
/gegenstand/BR/PET-BR/53,PET-BR,BR,XXVII,recent,A_phase_stages,approvals|approvalstate|breadcrumbs|deleted|description|documents|doktyp|einlangen|eurovoc|gp_code|group|headwords|history_ind|inr|intranet|ityp|names|nr_gp_code|phase|process|progress|sntype|statements|statementsstate|status|title|topics|type|update|vhg_fertig|vhg_fertig_docs|zitation,date|priority|text,1b1833c67b310e420a6ab9d3a1f81418,"approvals, approvals.filter, approvals.filter.data, approvals.filter.rendertype, approvals.new, approvalstate, breadcrumbs, breadcrumbs[].title"
/gegenstand/BR/I-BR/11655,I-BR,BR,XXVIII,recent,B_flat_stages,approvalstate|breadcrumbs|deleted|description|documents|doktyp|einlangen|eurovoc|gp_code|group|headwords|history_ind|inr|intranet|ityp|names|nr_gp_code|process|reference|sntype|stages|statementsstate|title|topics|type|update|vhg_fertig|vhg_fertig_docs|zitation,date|priority|text,13a7ad2381c379259e45ad99d8966221,"approvalstate, breadcrumbs, breadcrumbs[].title, breadcrumbs[].url, deleted, description, documents, documents[].documents"
/gegenstand/BR/I-BR/10710,I-BR,BR,XXVII,recent,B_flat_stages,approvalstate|breadcrumbs|deleted|description|documents|doktyp|einlangen|eurovoc|gp_code|group|headwords|history_ind|inr|intranet|ityp|names|nr_gp_code|process|reference|sntype|stages|statementsstate|title|topics|type|update|vhg_fertig|vhg_fertig_docs|zitation,date|priority|text,b006733e83bd5f94991be1193ce8870c,"approvalstate, breadcrumbs, breadcrumbs[].title, breadcrumbs[].url, deleted, description, documents, documents[].documents"
/gegenstand/BR/I-BR/10379,I-BR,BR,XXVII,recent,B_flat_stages,approvalstate|breadcrumbs|deleted|description|documents|doktyp|einlangen|eurovoc|gp_code|group|headwords|history_ind|inr|intranet|ityp|names|nr_gp_code|process|reference|sntype|stages|statementsstate|title|topics|type|update|vhg_fertig|vhg_fertig_docs|zitation,date|priority|text,13a7ad2381c379259e45ad99d8966221,"approvalstate, breadcrumbs, breadcrumbs[].title, breadcrumbs[].url, deleted, description, documents, documents[].documents"
/gegenstand/BR/III-BR/811,III-BR,BR,XXVII,recent,A_phase_stages,approvalstate|breadcrumbs|correspondence|deleted|description|documents|doktyp|einlangen|eurovoc|gp_code|group|headwords|history_ind|inr|intranet|ityp|names|nr_gp_code|phase|process|progress|reference|sntype|statementsstate|status|title|topics|type|update|vhg_fertig|vhg_fertig_docs|zitation,date|fsth|priority|text,34bbc276d14ab437607e9cb5b82eca10,"approvalstate, breadcrumbs, breadcrumbs[].title, breadcrumbs[].url, correspondence, correspondence[].additional, correspondence[].date, correspondence[].title"
/gegenstand/BR/III-BR/849,III-BR,BR,XXVII,recent,A_phase_stages,approvalstate|breadcrumbs|correspondence|deleted|description|documents|doktyp|einlangen|eurovoc|gp_code|group|headwords|history_ind|inr|intranet|ityp|names|nr_gp_code|phase|process|progress|reference|sntype|statementsstate|status|title|topics|type|update|vhg_fertig|vhg_fertig_docs|zitation,date|fsth|priority|text,e936a68d0b5571a9755ccab9c7a3c336,"approvalstate, breadcrumbs, breadcrumbs[].title, breadcrumbs[].url, correspondence, correspondence[].additional, correspondence[].date, correspondence[].title"
/gegenstand/BR/III-BR/899,III-BR,BR,XXVIII,recent,A_phase_stages,approvalstate|breadcrumbs|deleted|description|documents|doktyp|einlangen|eurovoc|gp_code|group|headwords|history_ind|inr|intranet|ityp|names|nr_gp_code|phase|process|progress|reference|sntype|statementsstate|status|title|topics|type|update|vhg_fertig|vhg_fertig_docs|zitation,date|fsth|priority|text,c26b40ced4f46655acadfd398bd4e9cb,"approvalstate, breadcrumbs, breadcrumbs[].title, breadcrumbs[].url, deleted, description, documents, documents[].documents"
/gegenstand/BR/E-BR/314,E-BR,BR,XXVII,recent,B_flat_stages,approvalstate|breadcrumbs|deleted|description|documents|doktyp|einlangen|eurovoc|gp_code|group|headwords|history_ind|inr|intranet|ityp|nr_gp_code|process|reference|sntype|stages|statementsstate|title|topics|type|update|vhg_fertig|vhg_fertig_docs|zitation,date|fsth|priority|text,b3e293bdd9ddeef750913a9c64f5c6da,"approvalstate, breadcrumbs, breadcrumbs[].title, breadcrumbs[].url, deleted, description, documents, documents[].documents"
/gegenstand/BR/E-BR/264,E-BR,BR,XXVI,recent,B_flat_stages,approvalstate|breadcrumbs|deleted|description|documents|doktyp|einlangen|eurovoc|gp_code|group|headwords|history_ind|inr|intranet|ityp|nr_gp_code|process|reference|sntype|stages|statementsstate|title|topics|type|update|vhg_fertig|vhg_fertig_docs|zitation,date|fsth|priority|text,b3e293bdd9ddeef750913a9c64f5c6da,"approvalstate, breadcrumbs, breadcrumbs[].title, breadcrumbs[].url, deleted, description, documents, documents[].documents"
/gegenstand/BR/E-BR/283,E-BR,BR,XXVII,recent,B_flat_stages,approvalstate|breadcrumbs|deleted|description|documents|doktyp|einlangen|eurovoc|gp_code|group|headwords|history_ind|inr|intranet|ityp|nr_gp_code|process|reference|sntype|stages|statementsstate|title|topics|type|update|vhg_fertig|vhg_fertig_docs|zitation,date|fsth|priority|text,b3e293bdd9ddeef750913a9c64f5c6da,"approvalstate, breadcrumbs, breadcrumbs[].title, breadcrumbs[].url, deleted, description, documents, documents[].documents"
/gegenstand/BR/VER-BR/64,VER-BR,BR,XXVII,recent,B_flat_stages,agenda|approvalstate|breadcrumbs|correspondence|deleted|description|documents|doktyp|einlangen|eurovoc|gp_code|group|headwords|history_ind|inr|intranet|ityp|nr_gp_code|process|reference|sntype|stages|statementsstate|stdocuments|title|topics|type|update|vhg_fertig|vhg_fertig_docs|zitation,date|priority|text,46c534a1fca30ffa480c01143bb094ca,"agenda, agenda[].documents, agenda[].documents[].link, agenda[].documents[].type, agenda[].title, approvalstate, breadcrumbs, breadcrumbs[].title"
/gegenstand/BR/VER-BR/54,VER-BR,BR,XXVI,recent,B_flat_stages,approvalstate|breadcrumbs|deleted|description|doktyp|einlangen|eurovoc|gp_code|group|headwords|history_ind|inr|intranet|ityp|nr_gp_code|process|sntype|stages|statementsstate|title|topics|type|update|vhg_fertig|vhg_fertig_docs|zitation,date|fsth|priority|text,738def78c983c70f571c40459702376c,"approvalstate, breadcrumbs, breadcrumbs[].title, breadcrumbs[].url, deleted, description, doktyp, einlangen"
/gegenstand/BR/VER-BR/68,VER-BR,BR,XXVII,recent,B_flat_stages,approvalstate|breadcrumbs|deleted|description|doktyp|einlangen|eurovoc|gp_code|group|headwords|history_ind|inr|intranet|ityp|nr_gp_code|process|sntype|stages|statementsstate|title|topics|type|update|vhg_fertig|vhg_fertig_docs|zitation,date|fsth|priority|text,738def78c983c70f571c40459702376c,"approvalstate, breadcrumbs, breadcrumbs[].title, breadcrumbs[].url, deleted, description, doktyp, einlangen"
/gegenstand/BR/S-BR/13,S-BR,BR,XXVII,recent,B_flat_stages,approvalstate|breadcrumbs|deleted|description|documents|doktyp|einlangen|gp_code|group|history_ind|inr|intranet|ityp|nr_gp_code|process|reference|sntype|stages|statementsstate|title|type|update|vhg_fertig|vhg_fertig_docs|zitation,date|text,19951fe63af7aede5514a52074e662bc,"approvalstate, breadcrumbs, breadcrumbs[].title, breadcrumbs[].url, deleted, description, documents, documents[].documents"
/gegenstand/BR/S-BR/16,S-BR,BR,XXVII,recent,B_flat_stages,approvalstate|breadcrumbs|deleted|description|documents|doktyp|einlangen|gp_code|group|history_ind|inr|intranet|ityp|nr_gp_code|process|reference|sntype|stages|statementsstate|title|type|update|vhg_fertig|vhg_fertig_docs|zitation,date|text,19951fe63af7aede5514a52074e662bc,"approvalstate, breadcrumbs, breadcrumbs[].title, breadcrumbs[].url, deleted, description, documents, documents[].documents"
/gegenstand/BR/S-BR/9,S-BR,BR,XXVII,recent,B_flat_stages,approvalstate|breadcrumbs|deleted|description|documents|doktyp|einlangen|gp_code|group|history_ind|inr|intranet|ityp|nr_gp_code|process|reference|sntype|stages|statementsstate|title|type|update|vhg_fertig|vhg_fertig_docs|zitation,date|text,19951fe63af7aede5514a52074e662bc,"approvalstate, breadcrumbs, breadcrumbs[].title, breadcrumbs[].url, deleted, description, documents, documents[].documents"
/gegenstand/BR/AS-BR/106,AS-BR,BR,XXVII,recent,B_flat_stages,approvalstate|breadcrumbs|deleted|description|doktyp|einlangen|eurovoc|gp_code|group|headwords|history_ind|inr|intranet|ityp|names|nr_gp_code|process|sntype|stages|statementsstate|title|topics|type|update|vhg_fertig|vhg_fertig_docs|zitation,date|fsth|priority|reden|text,1325a43b7e2899f122dd77812fb8bc47,"approvalstate, breadcrumbs, breadcrumbs[].title, breadcrumbs[].url, deleted, description, doktyp, einlangen"
/gegenstand/BR/AS-BR/91,AS-BR,BR,XXVII,recent,B_flat_stages,approvalstate|breadcrumbs|deleted|description|doktyp|einlangen|eurovoc|gp_code|group|headwords|history_ind|inr|intranet|ityp|names|nr_gp_code|process|sntype|stages|statementsstate|title|topics|type|update|vhg_fertig|vhg_fertig_docs|zitation,date|fsth|priority|reden|text,1325a43b7e2899f122dd77812fb8bc47,"approvalstate, breadcrumbs, breadcrumbs[].title, breadcrumbs[].url, deleted, description, doktyp, einlangen"
/gegenstand/BR/AS-BR/85,AS-BR,BR,XXVII,recent,B_flat_stages,approvalstate|breadcrumbs|deleted|description|doktyp|einlangen|eurovoc|gp_code|group|headwords|history_ind|inr|intranet|ityp|names|nr_gp_code|process|sntype|stages|statementsstate|title|topics|type|update|vhg_fertig|vhg_fertig_docs|zitation,date|fsth|priority|reden|text,1325a43b7e2899f122dd77812fb8bc47,"approvalstate, breadcrumbs, breadcrumbs[].title, breadcrumbs[].url, deleted, description, doktyp, einlangen"
/gegenstand/BR/EUD-BR/89,EUD-BR,BR,XXVII,recent,B_flat_stages,approvalstate|breadcrumbs|deleted|description|documents|doktyp|einlangen|gp_code|group|history_ind|inr|intranet|ityp|nr_gp_code|process|reference|sntype|stages|statementsstate|title|type|update|vhg_fertig|vhg_fertig_docs|zitation,date|priority|text,ceae3212e6164241090f1c3ea80a2d05,"approvalstate, breadcrumbs, breadcrumbs[].title, breadcrumbs[].url, deleted, description, documents, documents[].documents"
/gegenstand/BR/EUD-BR/90,EUD-BR,BR,XXVII,recent,B_flat_stages,approvalstate|breadcrumbs|deleted|description|documents|doktyp|einlangen|gp_code|group|history_ind|inr|intranet|ityp|nr_gp_code|process|reference|sntype|stages|statementsstate|title|type|update|vhg_fertig|vhg_fertig_docs|zitation,date|priority|text,ceae3212e6164241090f1c3ea80a2d05,"approvalstate, breadcrumbs, breadcrumbs[].title, breadcrumbs[].url, deleted, description, documents, documents[].documents"
/gegenstand/BR/EUD-BR/80,EUD-BR,BR,XXVI,recent,B_flat_stages,approvalstate|breadcrumbs|deleted|description|documents|doktyp|einlangen|gp_code|group|history_ind|inr|intranet|ityp|nr_gp_code|process|reference|sntype|stages|statementsstate|title|type|update|vhg_fertig|vhg_fertig_docs|zitation,date|priority|text,ceae3212e6164241090f1c3ea80a2d05,"approvalstate, breadcrumbs, breadcrumbs[].title, breadcrumbs[].url, deleted, description, documents, documents[].documents"
/gegenstand/BR/SINF-BR/285,SINF-BR,BR,XXVI,recent,B_flat_stages,approvalstate|breadcrumbs|deleted|description|documents|doktyp|einlangen|gp_code|group|history_ind|inr|intranet|ityp|names|nr_gp_code|process|reference|sntype|stages|statementsstate|title|type|update|vhg_fertig|vhg_fertig_docs|zitation,date|priority|text,a846f9d5fb78c320b6183b8b170ae453,"approvalstate, breadcrumbs, breadcrumbs[].title, breadcrumbs[].url, deleted, description, documents, documents[].documents"
/gegenstand/BR/SINF-BR/486,SINF-BR,BR,XXVIII,recent,B_flat_stages,approvalstate|breadcrumbs|deleted|description|documents|doktyp|einlangen|gp_code|group|history_ind|inr|intranet|ityp|names|nr_gp_code|process|reference|sntype|stages|statementsstate|title|type|update|vhg_fertig|vhg_fertig_docs|zitation,date|priority|text,a846f9d5fb78c320b6183b8b170ae453,"approvalstate, breadcrumbs, breadcrumbs[].title, breadcrumbs[].url, deleted, description, documents, documents[].documents"
/gegenstand/BR/SINF-BR/327,SINF-BR,BR,XXVII,recent,B_flat_stages,approvalstate|breadcrumbs|deleted|description|documents|doktyp|einlangen|gp_code|group|history_ind|inr|intranet|ityp|names|nr_gp_code|process|reference|sntype|stages|statementsstate|title|type|update|vhg_fertig|vhg_fertig_docs|zitation,date|priority|text,a846f9d5fb78c320b6183b8b170ae453,"approvalstate, breadcrumbs, breadcrumbs[].title, breadcrumbs[].url, deleted, description, documents, documents[].documents"
/gegenstand/BR/MT-BR/55,MT-BR,BR,XXVI,recent,B_flat_stages,approvalstate|breadcrumbs|deleted|description|documents|doktyp|einlangen|gp_code|group|history_ind|inr|intranet|ityp|nr_gp_code|process|reference|sntype|stages|statementsstate|title|type|update|vhg_fertig|vhg_fertig_docs|zitation,date|text,19951fe63af7aede5514a52074e662bc,"approvalstate, breadcrumbs, breadcrumbs[].title, breadcrumbs[].url, deleted, description, documents, documents[].documents"
/gegenstand/BR/MT-BR/71,MT-BR,BR,XXVII,recent,B_flat_stages,approvalstate|breadcrumbs|deleted|description|documents|doktyp|einlangen|gp_code|group|history_ind|inr|intranet|ityp|nr_gp_code|process|reference|sntype|stages|statementsstate|title|type|update|vhg_fertig|vhg_fertig_docs|zitation,date|text,19951fe63af7aede5514a52074e662bc,"approvalstate, breadcrumbs, breadcrumbs[].title, breadcrumbs[].url, deleted, description, documents, documents[].documents"
/gegenstand/BR/MT-BR/67,MT-BR,BR,XXVII,recent,B_flat_stages,approvalstate|breadcrumbs|deleted|description|documents|doktyp|einlangen|gp_code|group|history_ind|inr|intranet|ityp|nr_gp_code|process|reference|sntype|stages|statementsstate|title|type|update|vhg_fertig|vhg_fertig_docs|zitation,date|text,19951fe63af7aede5514a52074e662bc,"approvalstate, breadcrumbs, breadcrumbs[].title, breadcrumbs[].url, deleted, description, documents, documents[].documents"
/gegenstand/BR/SB-BR/24,SB-BR,BR,XXVI,recent,B_flat_stages,approvalstate|breadcrumbs|deleted|description|documents|doktyp|einlangen|gp_code|group|history_ind|inr|intranet|ityp|nr_gp_code|process|reference|sntype|stages|statementsstate|title|type|update|vhg_fertig|vhg_fertig_docs|zitation,date|text,19951fe63af7aede5514a52074e662bc,"approvalstate, breadcrumbs, breadcrumbs[].title, breadcrumbs[].url, deleted, description, documents, documents[].documents"
/gegenstand/BR/SB-BR/26,SB-BR,BR,XXVI,recent,B_flat_stages,approvalstate|breadcrumbs|deleted|description|documents|doktyp|einlangen|gp_code|group|history_ind|inr|intranet|ityp|nr_gp_code|process|reference|sntype|stages|statementsstate|title|type|update|vhg_fertig|vhg_fertig_docs|zitation,date|text,19951fe63af7aede5514a52074e662bc,"approvalstate, breadcrumbs, breadcrumbs[].title, breadcrumbs[].url, deleted, description, documents, documents[].documents"
/gegenstand/BR/SB-BR/25,SB-BR,BR,XXVI,recent,B_flat_stages,approvalstate|breadcrumbs|deleted|description|documents|doktyp|einlangen|gp_code|group|history_ind|inr|intranet|ityp|nr_gp_code|process|reference|sntype|stages|statementsstate|title|type|update|vhg_fertig|vhg_fertig_docs|zitation,date|text,19951fe63af7aede5514a52074e662bc,"approvalstate, breadcrumbs, breadcrumbs[].title, breadcrumbs[].url, deleted, description, documents, documents[].documents"
/gegenstand/BR/SLT-BR/76,SLT-BR,BR,XXVII,recent,B_flat_stages,approvalstate|breadcrumbs|deleted|documents|doktyp|einlangen|gp_code|group|history_ind|inr|intranet|ityp|nr_gp_code|process|reference|sntype|stages|statementsstate|title|type|update|vhg_fertig|vhg_fertig_docs|zitation,date|priority|text,a867cda4cde3d4321f9f782cacd7b14b,"approvalstate, breadcrumbs, breadcrumbs[].title, breadcrumbs[].url, deleted, documents, documents[].documents, documents[].documents[].link"
/gegenstand/BR/SLT-BR/83,SLT-BR,BR,XXVII,recent,B_flat_stages,approvalstate|breadcrumbs|deleted|documents|doktyp|einlangen|gp_code|group|history_ind|inr|intranet|ityp|nr_gp_code|process|reference|sntype|stages|statementsstate|title|type|update|vhg_fertig|vhg_fertig_docs|zitation,date|priority|text,a867cda4cde3d4321f9f782cacd7b14b,"approvalstate, breadcrumbs, breadcrumbs[].title, breadcrumbs[].url, deleted, documents, documents[].documents, documents[].documents[].link"
/gegenstand/BR/SLT-BR/58,SLT-BR,BR,XXVI,recent,B_flat_stages,approvalstate|breadcrumbs|deleted|documents|doktyp|einlangen|gp_code|group|history_ind|inr|intranet|ityp|nr_gp_code|process|reference|sntype|stages|statementsstate|title|type|update|vhg_fertig|vhg_fertig_docs|zitation,date|priority|text,a867cda4cde3d4321f9f782cacd7b14b,"approvalstate, breadcrumbs, breadcrumbs[].title, breadcrumbs[].url, deleted, documents, documents[].documents, documents[].documents[].link"
/gegenstand/XXVII/BNR/667,BNR,BR,XXVII,recent,B_flat_stages,approvalstate|breadcrumbs|deleted|description|documents|doktyp|einlangen|eurovoc|gp_code|group|headwords|history_ind|inr|intranet|ityp|nr_gp_code|process|reference|sntype|stages|statementsstate|title|topics|type|update|vhg_fertig|vhg_fertig_docs|zitation,date|priority|text,aaf693cb4175786168ef329d0124e3b1,"approvalstate, breadcrumbs, breadcrumbs[].title, breadcrumbs[].url, deleted, description, documents, documents[].documents"
/gegenstand/XXVII/BNR/308,BNR,BR,XXVII,recent,B_flat_stages,approvalstate|breadcrumbs|deleted|description|documents|doktyp|einlangen|eurovoc|gp_code|group|headwords|history_ind|inr|intranet|ityp|nr_gp_code|process|reference|sntype|stages|statementsstate|title|topics|type|update|vhg_fertig|vhg_fertig_docs|zitation,date|priority|text,aaf693cb4175786168ef329d0124e3b1,"approvalstate, breadcrumbs, breadcrumbs[].title, breadcrumbs[].url, deleted, description, documents, documents[].documents"
/gegenstand/XXVII/BNR/748,BNR,BR,XXVII,recent,B_flat_stages,approvalstate|breadcrumbs|deleted|description|documents|doktyp|einlangen|eurovoc|gp_code|group|headwords|history_ind|inr|intranet|ityp|nr_gp_code|process|reference|sntype|stages|statementsstate|title|topics|type|update|vhg_fertig|vhg_fertig_docs|zitation,date|priority|text,aaf693cb4175786168ef329d0124e3b1,"approvalstate, breadcrumbs, breadcrumbs[].title, breadcrumbs[].url, deleted, description, documents, documents[].documents"
/gegenstand/XXVII/URH2/1,URH2,NR,XXVII,recent,A_phase_stages,approvalstate|breadcrumbs|correspondence|deleted|description|documents|doktyp|einlangen|eurovoc|gp_code|group|headwords|history_ind|inr|intranet|ityp|names|nr_gp_code|phase|process|progress|reference|sntype|statementsstate|status|title|topics|type|update|vhg_fertig|vhg_fertig_docs|zitation,date|fsth|priority|text,96686d14722bc1b25688c590b7317b03,"approvalstate, breadcrumbs, breadcrumbs[].title, breadcrumbs[].url, correspondence, correspondence[].additional, correspondence[].date, correspondence[].title"
/gegenstand/XXVIII/URH2/1,URH2,NR,XXVIII,recent,A_phase_stages,approvalstate|breadcrumbs|correspondence|deleted|description|documents|doktyp|einlangen|eurovoc|gp_code|group|headwords|history_ind|inr|intranet|ityp|names|nr_gp_code|phase|process|progress|reference|sntype|statementsstate|status|title|topics|type|update|vhg_fertig|vhg_fertig_docs|zitation,date|fsth|priority|text,7e7ff571824201786f7a87c30e9fc995,"approvalstate, breadcrumbs, breadcrumbs[].title, breadcrumbs[].url, correspondence, correspondence[].additional, correspondence[].date, correspondence[].title"
/gegenstand/XXVII/EUD/2,EUD,NR,XXVII,recent,B_flat_stages,approvalstate|breadcrumbs|deleted|description|documents|doktyp|einlangen|gp_code|group|history_ind|inr|intranet|ityp|nr_gp_code|process|reference|sntype|stages|statementsstate|title|type|update|vhg_fertig|vhg_fertig_docs|zitation,date|priority|text,ceae3212e6164241090f1c3ea80a2d05,"approvalstate, breadcrumbs, breadcrumbs[].title, breadcrumbs[].url, deleted, description, documents, documents[].documents"
/gegenstand/XXVII/EUD/6,EUD,NR,XXVII,recent,B_flat_stages,approvalstate|breadcrumbs|deleted|description|documents|doktyp|einlangen|gp_code|group|history_ind|inr|intranet|ityp|nr_gp_code|process|reference|sntype|stages|statementsstate|title|type|update|vhg_fertig|vhg_fertig_docs|zitation,date|priority|text,ceae3212e6164241090f1c3ea80a2d05,"approvalstate, breadcrumbs, breadcrumbs[].title, breadcrumbs[].url, deleted, description, documents, documents[].documents"
/gegenstand/XXVII/EUD/3,EUD,NR,XXVII,recent,B_flat_stages,approvalstate|breadcrumbs|deleted|description|documents|doktyp|einlangen|gp_code|group|history_ind|inr|intranet|ityp|nr_gp_code|process|reference|sntype|stages|statementsstate|title|type|update|vhg_fertig|vhg_fertig_docs|zitation,date|priority|text,ceae3212e6164241090f1c3ea80a2d05,"approvalstate, breadcrumbs, breadcrumbs[].title, breadcrumbs[].url, deleted, description, documents, documents[].documents"
/gegenstand/XXVII/BAESM/12,BAESM,NR,XXVII,recent,A_phase_stages,approvalstate|breadcrumbs|correspondence|deleted|description|documents|doktyp|einlangen|eurovoc|gp_code|group|headwords|history_ind|inr|intranet|ityp|names|nr_gp_code|phase|process|progress|sntype|statementsstate|status|title|topics|type|update|vhg_fertig|vhg_fertig_docs|zitation,date|priority|text,6833491c4f9163f30acf1331c7940239,"approvalstate, breadcrumbs, breadcrumbs[].title, breadcrumbs[].url, correspondence, correspondence[].additional, correspondence[].date, correspondence[].title"
/gegenstand/XXVII/MTEU/1,MTEU,NR,XXVII,recent,B_flat_stages,approvalstate|breadcrumbs|deleted|description|documents|doktyp|einlangen|gp_code|group|history_ind|inr|intranet|ityp|nr_gp_code|process|reference|sntype|stages|statementsstate|title|type|update|vhg_fertig|vhg_fertig_docs|zitation,date|text,19951fe63af7aede5514a52074e662bc,"approvalstate, breadcrumbs, breadcrumbs[].title, breadcrumbs[].url, deleted, description, documents, documents[].documents"
/gegenstand/XXVII/MTEU/4,MTEU,NR,XXVII,recent,B_flat_stages,approvalstate|breadcrumbs|deleted|description|documents|doktyp|einlangen|gp_code|group|history_ind|inr|intranet|ityp|nr_gp_code|process|reference|sntype|stages|statementsstate|title|type|update|vhg_fertig|vhg_fertig_docs|zitation,date|text,19951fe63af7aede5514a52074e662bc,"approvalstate, breadcrumbs, breadcrumbs[].title, breadcrumbs[].url, deleted, description, documents, documents[].documents"
/gegenstand/XXVII/MTEU/5,MTEU,NR,XXVII,recent,B_flat_stages,approvalstate|breadcrumbs|deleted|description|documents|doktyp|einlangen|gp_code|group|history_ind|inr|intranet|ityp|nr_gp_code|process|reference|sntype|stages|statementsstate|title|type|update|vhg_fertig|vhg_fertig_docs|zitation,date|text,19951fe63af7aede5514a52074e662bc,"approvalstate, breadcrumbs, breadcrumbs[].title, breadcrumbs[].url, deleted, description, documents, documents[].documents"
/gegenstand/XXVIII/SONS/12,SONS,NR,XXVIII,recent,B_flat_stages,approvalstate|breadcrumbs|deleted|description|documents|doktyp|einlangen|gp_code|group|history_ind|inr|intranet|ityp|nr_gp_code|process|reference|sntype|stages|statementsstate|title|type|update|vhg_fertig|vhg_fertig_docs|zitation,date|priority|text,ceae3212e6164241090f1c3ea80a2d05,"approvalstate, breadcrumbs, breadcrumbs[].title, breadcrumbs[].url, deleted, description, documents, documents[].documents"
/gegenstand/XXVII/SONS/43,SONS,NR,XXVII,recent,B_flat_stages,approvalstate|breadcrumbs|deleted|description|documents|doktyp|einlangen|gp_code|group|history_ind|inr|intranet|ityp|nr_gp_code|process|sntype|stages|statementsstate|title|type|update|vhg_fertig|vhg_fertig_docs|zitation,date|priority|text,e2fe30c4d07683932e26174ee9f2ac45,"approvalstate, breadcrumbs, breadcrumbs[].title, breadcrumbs[].url, deleted, description, documents, documents[].documents"
/gegenstand/BR/AEA-BR/6,AEA-BR,BR,XXVII,recent,B_flat_stages,approvalstate|breadcrumbs|deleted|description|doktyp|einlangen|gp_code|group|history_ind|inr|intranet|ityp|nr_gp_code|process|reference|sntype|stages|statementsstate|title|type|update|vhg_fertig|vhg_fertig_docs|zitation,date|fsth|priority|text,5336f4ad731945d4a6bf3f4abb660829,"approvalstate, breadcrumbs, breadcrumbs[].title, breadcrumbs[].url, deleted, description, doktyp, einlangen"
/gegenstand/BR/FS-BR/176,FS-BR,BR,XXVII,recent,B_flat_stages,agenda|approvalstate|breadcrumbs|deleted|description|doktyp|einlangen|eurovoc|gp_code|group|headwords|history_ind|inr|intranet|ityp|names|nr_gp_code|process|sntype|stages|statementsstate|title|topics|type|update|vhg_fertig|vhg_fertig_docs|zitation,date|priority|text,37c0a7aa281d8eda819e0b59d5ceee20,"agenda, agenda[].documents, agenda[].documents[].link, agenda[].documents[].type, agenda[].title, approvalstate, breadcrumbs, breadcrumbs[].title"
/gegenstand/BR/FS-BR/173,FS-BR,BR,XXVII,recent,B_flat_stages,agenda|approvalstate|breadcrumbs|deleted|description|doktyp|einlangen|eurovoc|gp_code|group|headwords|history_ind|inr|intranet|ityp|names|nr_gp_code|process|sntype|stages|statementsstate|title|topics|type|update|vhg_fertig|vhg_fertig_docs|zitation,date|priority|text,37c0a7aa281d8eda819e0b59d5ceee20,"agenda, agenda[].documents, agenda[].documents[].link, agenda[].documents[].type, agenda[].title, approvalstate, breadcrumbs, breadcrumbs[].title"
/gegenstand/BR/FS-BR/172,FS-BR,BR,XXVII,recent,B_flat_stages,agenda|approvalstate|breadcrumbs|deleted|description|doktyp|einlangen|eurovoc|gp_code|group|headwords|history_ind|inr|intranet|ityp|names|nr_gp_code|process|sntype|stages|statementsstate|title|topics|type|update|vhg_fertig|vhg_fertig_docs|zitation,date|priority|text,37c0a7aa281d8eda819e0b59d5ceee20,"agenda, agenda[].documents, agenda[].documents[].link, agenda[].documents[].type, agenda[].title, approvalstate, breadcrumbs, breadcrumbs[].title"
/gegenstand/BR/M-BR/1950,M-BR,BR,XXVII,recent,B_flat_stages,approvalstate|breadcrumbs|deleted|description|documents|doktyp|einlangen|eurovoc|gp_code|group|headwords|history_ind|inr|intranet|ityp|names|nr_gp_code|process|sntype|stages|statementsstate|title|topics|type|update|vhg_fertig|vhg_fertig_docs|zitation,date|fsth|priority|text,7ce88e0e0073fd7473d8a0b88b6a514a,"approvalstate, breadcrumbs, breadcrumbs[].title, breadcrumbs[].url, deleted, description, documents, documents[].documents"
/gegenstand/BR/M-BR/1940,M-BR,BR,XXVII,recent,B_flat_stages,approvalstate|breadcrumbs|deleted|description|documents|doktyp|einlangen|eurovoc|gp_code|group|headwords|history_ind|inr|intranet|ityp|names|nr_gp_code|process|sntype|stages|statementsstate|title|topics|type|update|vhg_fertig|vhg_fertig_docs|zitation,date|fsth|priority|text,c0a76638e861c1fc306400a22970ee56,"approvalstate, breadcrumbs, breadcrumbs[].title, breadcrumbs[].url, deleted, description, documents, documents[].documents"
/gegenstand/BR/M-BR/1938,M-BR,BR,XXVII,recent,B_flat_stages,approvalstate|breadcrumbs|deleted|description|documents|doktyp|einlangen|eurovoc|gp_code|group|headwords|history_ind|inr|intranet|ityp|names|nr_gp_code|process|sntype|stages|statementsstate|title|topics|type|update|vhg_fertig|vhg_fertig_docs|zitation,date|fsth|priority|text,c0a76638e861c1fc306400a22970ee56,"approvalstate, breadcrumbs, breadcrumbs[].title, breadcrumbs[].url, deleted, description, documents, documents[].documents"
/gegenstand/BR/BS-BR/7,BS-BR,BR,XXVII,recent,B_flat_stages,approvalstate|breadcrumbs|deleted|description|doktyp|einlangen|gp_code|group|history_ind|inr|intranet|ityp|nr_gp_code|process|reference|sntype|stages|statementsstate|title|type|update|vhg_fertig|vhg_fertig_docs|zitation,date|priority|text,5336f4ad731945d4a6bf3f4abb660829,"approvalstate, breadcrumbs, breadcrumbs[].title, breadcrumbs[].url, deleted, description, doktyp, einlangen"
/gegenstand/BR/BS-BR/5,BS-BR,BR,XXVII,recent,B_flat_stages,approvalstate|breadcrumbs|deleted|description|doktyp|einlangen|eurovoc|gp_code|group|headwords|history_ind|inr|intranet|ityp|nr_gp_code|process|reference|sntype|stages|statementsstate|title|topics|type|update|vhg_fertig|vhg_fertig_docs|zitation,date|priority|text,f0a6b83e2f7269bb47214a804b9233b9,"approvalstate, breadcrumbs, breadcrumbs[].title, breadcrumbs[].url, deleted, description, doktyp, einlangen"
/gegenstand/BR/BS-BR/4,BS-BR,BR,XXVII,recent,B_flat_stages,approvalstate|breadcrumbs|deleted|description|doktyp|einlangen|eurovoc|gp_code|group|headwords|history_ind|inr|intranet|ityp|nr_gp_code|process|reference|sntype|stages|statementsstate|title|topics|type|update|vhg_fertig|vhg_fertig_docs|zitation,date|priority|text,f0a6b83e2f7269bb47214a804b9233b9,"approvalstate, breadcrumbs, breadcrumbs[].title, breadcrumbs[].url, deleted, description, doktyp, einlangen"
/gegenstand/BR/SPL-BR/1,SPL-BR,BR,XXVII,recent,B_flat_stages,approvalstate|breadcrumbs|deleted|description|documents|doktyp|einlangen|gp_code|group|history_ind|inr|intranet|ityp|nr_gp_code|process|reference|sntype|stages|statementsstate|title|type|update|vhg_fertig|vhg_fertig_docs|zitation,date|text,19951fe63af7aede5514a52074e662bc,"approvalstate, breadcrumbs, breadcrumbs[].title, breadcrumbs[].url, deleted, description, documents, documents[].documents"
/gegenstand/XXVIII/SN/688,SN,NR,XXVIII,recent,B_flat_stages,appformlink|approvals|approvalstate|approvaltype|breadcrumbs|deleted|description|doktyp|einlangen|gp_code|group|history_ind|inr|intranet|ityp|names|nr_gp_code|process|reference|sntype|stages|statement|statementsstate|title|type|update|vhg_fertig|vhg_fertig_docs|zitation,date|priority|text,7f1e3d8d685efc5a567b7a6d5c2d8850,"appformlink, approvals, approvals.filter, approvals.filter.data, approvals.filter.rendertype, approvals.new, approvals.personform, approvals.personform.data"
/gegenstand/XXVIII/SN/678,SN,NR,XXVIII,recent,B_flat_stages,approvals|approvalstate|approvaltype|breadcrumbs|deleted|description|doktyp|einlangen|gp_code|group|history_ind|inr|intranet|ityp|names|nr_gp_code|process|reference|sntype|stages|statement|statementsstate|title|type|update|vhg_fertig|vhg_fertig_docs|zitation,date|priority|text,d9f2442db4d4ccb521bdaf91015d4f9e,"approvals, approvals.filter, approvals.filter.data, approvals.filter.rendertype, approvals.new, approvals.reportform, approvals.reportform.data, approvals.reportform.rendertype"
/gegenstand/XXVIII/SN/673,SN,NR,XXVIII,recent,B_flat_stages,approvals|approvalstate|approvaltype|breadcrumbs|deleted|description|doktyp|einlangen|gp_code|group|history_ind|inr|intranet|ityp|names|nr_gp_code|process|reference|sntype|stages|statement|statementsstate|title|type|update|vhg_fertig|vhg_fertig_docs|zitation,date|priority|text,d9f2442db4d4ccb521bdaf91015d4f9e,"approvals, approvals.filter, approvals.filter.data, approvals.filter.rendertype, approvals.new, approvals.reportform, approvals.reportform.data, approvals.reportform.rendertype"
/gegenstand/XXVIII/SNME/2406,SNME,NR,XXVIII,recent,B_flat_stages,approvals|approvalstate|approvaltype|breadcrumbs|deleted|description|documents|doktyp|einlangen|gp_code|group|history_ind|inr|intranet|ityp|names|nr_gp_code|process|reference|sntype|stages|statementsstate|title|type|update|vhg_fertig|vhg_fertig_docs|zitation,date|text,9097796fcee493b42e75a2c89658ed72,"approvals, approvals.filter, approvals.filter.data, approvals.filter.rendertype, approvals.new, approvals.reportform, approvals.reportform.data, approvals.reportform.rendertype"
/gegenstand/XXVIII/SNME/1889,SNME,NR,XXVIII,recent,B_flat_stages,approvals|approvalstate|approvaltype|breadcrumbs|deleted|description|doktyp|einlangen|gp_code|group|history_ind|inr|intranet|ityp|names|nr_gp_code|process|reference|sntype|stages|statement|statementsstate|title|type|update|vhg_fertig|vhg_fertig_docs|zitation,date|text,36a50a9e859ca50ea8c15248916da20e,"approvals, approvals.filter, approvals.filter.data, approvals.filter.rendertype, approvals.new, approvals.reportform, approvals.reportform.data, approvals.reportform.rendertype"
/gegenstand/XXVIII/SNME/1737,SNME,NR,XXVIII,recent,B_flat_stages,approvals|approvalstate|approvaltype|breadcrumbs|deleted|description|doktyp|einlangen|gp_code|group|history_ind|inr|intranet|ityp|names|nr_gp_code|process|reference|sntype|stages|statement|statementsstate|title|type|update|vhg_fertig|vhg_fertig_docs|zitation,date|text,36a50a9e859ca50ea8c15248916da20e,"approvals, approvals.filter, approvals.filter.data, approvals.filter.rendertype, approvals.new, approvals.reportform, approvals.reportform.data, approvals.reportform.rendertype"
/gegenstand/XXVIII/BUV/6,BUV,NR,XXVIII,recent,B_flat_stages,approvalstate|breadcrumbs|deleted|description|documents|doktyp|einlangen|gp_code|group|history_ind|inr|intranet|ityp|nr_gp_code|process|reference|sntype|stages|statementsstate|title|type|update|vhg_fertig|vhg_fertig_docs|zitation,date|priority|text,ceae3212e6164241090f1c3ea80a2d05,"approvalstate, breadcrumbs, breadcrumbs[].title, breadcrumbs[].url, deleted, description, documents, documents[].documents"
/gegenstand/XXVIII/BUV/5,BUV,NR,XXVIII,recent,B_flat_stages,approvalstate|breadcrumbs|deleted|description|documents|doktyp|einlangen|gp_code|group|history_ind|inr|intranet|ityp|nr_gp_code|process|reference|sntype|stages|statementsstate|title|type|update|vhg_fertig|vhg_fertig_docs|zitation,date|fsth|priority|text,ceae3212e6164241090f1c3ea80a2d05,"approvalstate, breadcrumbs, breadcrumbs[].title, breadcrumbs[].url, deleted, description, documents, documents[].documents"
/gegenstand/XXVIII/AAA/15,AAA,NR,XXVIII,recent,B_flat_stages,approvalstate|breadcrumbs|deleted|description|documents|doktyp|einlangen|eurovoc|gp_code|group|headwords|history_ind|inr|intranet|ityp|names|nr_gp_code|process|reference|sntype|stages|statementsstate|title|topics|type|update|vhg_fertig|vhg_fertig_docs|zitation,date|text,22178ae05185a914846bd3daa93e81ce,"approvalstate, breadcrumbs, breadcrumbs[].title, breadcrumbs[].url, deleted, description, documents, documents[].documents"
/gegenstand/XXVIII/AAA/23,AAA,NR,XXVIII,recent,B_flat_stages,approvalstate|breadcrumbs|deleted|description|documents|doktyp|einlangen|eurovoc|gp_code|group|headwords|history_ind|inr|intranet|ityp|names|nr_gp_code|process|reference|sntype|stages|statementsstate|title|topics|type|update|vhg_fertig|vhg_fertig_docs|zitation,date|text,22178ae05185a914846bd3daa93e81ce,"approvalstate, breadcrumbs, breadcrumbs[].title, breadcrumbs[].url, deleted, description, documents, documents[].documents"
/gegenstand/XXVIII/AAA/22,AAA,NR,XXVIII,recent,B_flat_stages,approvalstate|breadcrumbs|deleted|description|documents|doktyp|einlangen|eurovoc|gp_code|group|headwords|history_ind|inr|intranet|ityp|names|nr_gp_code|process|reference|sntype|stages|statementsstate|title|topics|type|update|vhg_fertig|vhg_fertig_docs|zitation,date|text,22178ae05185a914846bd3daa93e81ce,"approvalstate, breadcrumbs, breadcrumbs[].title, breadcrumbs[].url, deleted, description, documents, documents[].documents"
/gegenstand/XXVIII/EAA/7,EAA,NR,XXVIII,recent,B_flat_stages,approvalstate|breadcrumbs|deleted|description|documents|doktyp|einlangen|eurovoc|gp_code|group|headwords|history_ind|inr|intranet|ityp|names|nr_gp_code|process|reference|sntype|stages|statementsstate|title|topics|type|update|vhg_fertig|vhg_fertig_docs|zitation,date|text,22178ae05185a914846bd3daa93e81ce,"approvalstate, breadcrumbs, breadcrumbs[].title, breadcrumbs[].url, deleted, description, documents, documents[].documents"
/gegenstand/XXVIII/EAA/1,EAA,NR,XXVIII,recent,B_flat_stages,approvalstate|breadcrumbs|deleted|description|documents|doktyp|einlangen|eurovoc|gp_code|group|headwords|history_ind|inr|intranet|ityp|names|nr_gp_code|process|reference|sntype|stages|statementsstate|title|topics|type|update|vhg_fertig|vhg_fertig_docs|zitation,date|text,22178ae05185a914846bd3daa93e81ce,"approvalstate, breadcrumbs, breadcrumbs[].title, breadcrumbs[].url, deleted, description, documents, documents[].documents"
/gegenstand/XXVIII/EAA/3,EAA,NR,XXVIII,recent,B_flat_stages,approvalstate|breadcrumbs|deleted|description|documents|doktyp|einlangen|eurovoc|gp_code|group|headwords|history_ind|inr|intranet|ityp|names|nr_gp_code|process|reference|sntype|stages|statementsstate|title|topics|type|update|vhg_fertig|vhg_fertig_docs|zitation,date|text,22178ae05185a914846bd3daa93e81ce,"approvalstate, breadcrumbs, breadcrumbs[].title, breadcrumbs[].url, deleted, description, documents, documents[].documents"
/gegenstand/BR/BUV-BR/1,BUV-BR,BR,XXVIII,recent,B_flat_stages,approvalstate|breadcrumbs|deleted|description|documents|doktyp|einlangen|gp_code|group|history_ind|inr|intranet|ityp|nr_gp_code|process|reference|sntype|stages|statementsstate|title|type|update|vhg_fertig|vhg_fertig_docs|zitation,date|text,19951fe63af7aede5514a52074e662bc,"approvalstate, breadcrumbs, breadcrumbs[].title, breadcrumbs[].url, deleted, description, documents, documents[].documents"
